Series Name,Series Code,Country Name,Country Code,1990 [YR1990],2000 [YR2000],2013 [YR2013],2014 [YR2014],2015 [YR2015],2016 [YR2016],2017 [YR2017],2018 [YR2018],2019 [YR2019],2020 [YR2020],2021 [YR2021],2022 [YR2022]
"Proportion of women subjected to physical and/or sexual violence in the last 12 months (modeled estimate, % of ever partnered women ages 15-49)",SG.VAW.1549.ME.ZS,Afghanistan,AFG,..,..,..,..,..,..,..,35,..,..,..,..
"Proportion of women subjected to physical and/or sexual violence in the last 12 months (modeled estimate, % of ever partnered women ages 15-49)",SG.VAW.1549.ME.ZS,Albania,ALB,..,..,..,..,..,..,..,6,..,..,..,..
"Proportion of women subjected to physical and/or sexual violence in the last 12 months (modeled estimate, % of ever partnered women ages 15-49)",SG.VAW.1549.ME.ZS,Algeria,DZA,..,..,..,..,..,..,..,..,..,..,..,..
"Proportion of women subjected to physical and/or sexual violence in the last 12 months (modeled estimate, % of ever partnered women ages 15-49)",SG.VAW.1549.ME.ZS,American Samoa,ASM,..,..,..,..,..,..,..,..,..,..,..,..
"Proportion of women subjected to physical and/or sexual violence in the last 12 months (modeled estimate, % of ever partnered women ages 15-49)",SG.VAW.1549.ME.ZS,Andorra,AND,..,..,..,..,..,..,..,..,..,..,..,..
"Proportion of women subjected to physical and/or sexual violence in the last 12 months (modeled estimate, % of ever partnered women ages 15-49)",SG.VAW.1549.ME.ZS,Angola,AGO,..,..,..,..,..,..,..,25,..,..,..,..
"Proportion of women subjected to physical and/or sexual violence in the last 12 months (modeled estimate, % of ever partnered women ages 15-49)",SG.VAW.1549.ME.ZS,Antigua and Barbuda,ATG,..,..,..,..,..,..,..,..,..,..,..,..
"Proportion of women subjected to physical and/or sexual violence in the last 12 months (modeled estimate, % of ever partnered women ages 15-49)",SG.VAW.1549.ME.ZS,Argentina,ARG,..,..,..,..,..,..,..,5,..,..,..,..
"Proportion of women subjected to physical and/or sexual violence in the last 12 months (modeled estimate, % of ever partnered women ages 15-49)",SG.VAW.1549.ME.ZS,Armenia,ARM,..,..,..,..,..,..,..,5,..,..,..,..
"Proportion of women subjected to physical and/or sexual violence in the last 12 months (modeled estimate, % of ever partnered women ages 15-49)",SG.VAW.1549.ME.ZS,Aruba,ABW,..,..,..,..,..,..,..,..,..,..,..,..
"Proportion of women subjected to physical and/or sexual violence in the last 12 months (modeled estimate, % of ever partnered women ages 15-49)",SG.VAW.1549.ME.ZS,Australia,AUS,..,..,..,..,..,..,..,3,..,..,..,..
"Proportion of women subjected to physical and/or sexual violence in the last 12 months (modeled estimate, % of ever partnered women ages 15-49)",SG.VAW.1549.ME.ZS,Austria,AUT,..,..,..,..,..,..,..,4,..,..,..,..
"Proportion of women subjected to physical and/or sexual violence in the last 12 months (modeled estimate, % of ever partnered women ages 15-49)",SG.VAW.1549.ME.ZS,Azerbaijan,AZE,..,..,..,..,..,..,..,5,..,..,..,..
"Proportion of women subjected to physical and/or sexual violence in the last 12 months (modeled estimate, % of ever partnered women ages 15-49)",SG.VAW.1549.ME.ZS,"Bahamas, The",BHS,..,..,..,..,..,..,..,..,..,..,..,..
"Proportion of women subjected to physical and/or sexual violence in the last 12 months (modeled estimate, % of ever partnered women ages 15-49)",SG.VAW.1549.ME.ZS,Bahrain,BHR,..,..,..,..,..,..,..,..,..,..,..,..
"Proportion of women subjected to physical and/or sexual violence in the last 12 months (modeled estimate, % of ever partnered women ages 15-49)",SG.VAW.1549.ME.ZS,Bangladesh,BGD,..,..,..,..,..,..,..,23,..,..,..,..
"Proportion of women subjected to physical and/or sexual violence in the last 12 months (modeled estimate, % of ever partnered women ages 15-49)",SG.VAW.1549.ME.ZS,Barbados,BRB,..,..,..,..,..,..,..,..,..,..,..,..
"Proportion of women subjected to physical and/or sexual violence in the last 12 months (modeled estimate, % of ever partnered women ages 15-49)",SG.VAW.1549.ME.ZS,Belarus,BLR,..,..,..,..,..,..,..,6,..,..,..,..
"Proportion of women subjected to physical and/or sexual violence in the last 12 months (modeled estimate, % of ever partnered women ages 15-49)",SG.VAW.1549.ME.ZS,Belgium,BEL,..,..,..,..,..,..,..,5,..,..,..,..
"Proportion of women subjected to physical and/or sexual violence in the last 12 months (modeled estimate, % of ever partnered women ages 15-49)",SG.VAW.1549.ME.ZS,Belize,BLZ,..,..,..,..,..,..,..,8,..,..,..,..
"Proportion of women subjected to physical and/or sexual violence in the last 12 months (modeled estimate, % of ever partnered women ages 15-49)",SG.VAW.1549.ME.ZS,Benin,BEN,..,..,..,..,..,..,..,15,..,..,..,..
"Proportion of women subjected to physical and/or sexual violence in the last 12 months (modeled estimate, % of ever partnered women ages 15-49)",SG.VAW.1549.ME.ZS,Bermuda,BMU,..,..,..,..,..,..,..,..,..,..,..,..
"Proportion of women subjected to physical and/or sexual violence in the last 12 months (modeled estimate, % of ever partnered women ages 15-49)",SG.VAW.1549.ME.ZS,Bhutan,BTN,..,..,..,..,..,..,..,9,..,..,..,..
"Proportion of women subjected to physical and/or sexual violence in the last 12 months (modeled estimate, % of ever partnered women ages 15-49)",SG.VAW.1549.ME.ZS,Bolivia,BOL,..,..,..,..,..,..,..,18,..,..,..,..
"Proportion of women subjected to physical and/or sexual violence in the last 12 months (modeled estimate, % of ever partnered women ages 15-49)",SG.VAW.1549.ME.ZS,Bosnia and Herzegovina,BIH,..,..,..,..,..,..,..,3,..,..,..,..
"Proportion of women subjected to physical and/or sexual violence in the last 12 months (modeled estimate, % of ever partnered women ages 15-49)",SG.VAW.1549.ME.ZS,Botswana,BWA,..,..,..,..,..,..,..,17,..,..,..,..
"Proportion of women subjected to physical and/or sexual violence in the last 12 months (modeled estimate, % of ever partnered women ages 15-49)",SG.VAW.1549.ME.ZS,Brazil,BRA,..,..,..,..,..,..,..,6,..,..,..,..
"Proportion of women subjected to physical and/or sexual violence in the last 12 months (modeled estimate, % of ever partnered women ages 15-49)",SG.VAW.1549.ME.ZS,British Virgin Islands,VGB,..,..,..,..,..,..,..,..,..,..,..,..
"Proportion of women subjected to physical and/or sexual violence in the last 12 months (modeled estimate, % of ever partnered women ages 15-49)",SG.VAW.1549.ME.ZS,Brunei Darussalam,BRN,..,..,..,..,..,..,..,..,..,..,..,..
"Proportion of women subjected to physical and/or sexual violence in the last 12 months (modeled estimate, % of ever partnered women ages 15-49)",SG.VAW.1549.ME.ZS,Bulgaria,BGR,..,..,..,..,..,..,..,6,..,..,..,..
"Proportion of women subjected to physical and/or sexual violence in the last 12 months (modeled estimate, % of ever partnered women ages 15-49)",SG.VAW.1549.ME.ZS,Burkina Faso,BFA,..,..,..,..,..,..,..,11,..,..,..,..
"Proportion of women subjected to physical and/or sexual violence in the last 12 months (modeled estimate, % of ever partnered women ages 15-49)",SG.VAW.1549.ME.ZS,Burundi,BDI,..,..,..,..,..,..,..,22,..,..,..,..
"Proportion of women subjected to physical and/or sexual violence in the last 12 months (modeled estimate, % of ever partnered women ages 15-49)",SG.VAW.1549.ME.ZS,Cabo Verde,CPV,..,..,..,..,..,..,..,11,..,..,..,..
"Proportion of women subjected to physical and/or sexual violence in the last 12 months (modeled estimate, % of ever partnered women ages 15-49)",SG.VAW.1549.ME.ZS,Cambodia,KHM,..,..,..,..,..,..,..,9,..,..,..,..
"Proportion of women subjected to physical and/or sexual violence in the last 12 months (modeled estimate, % of ever partnered women ages 15-49)",SG.VAW.1549.ME.ZS,Cameroon,CMR,..,..,..,..,..,..,..,22,..,..,..,..
"Proportion of women subjected to physical and/or sexual violence in the last 12 months (modeled estimate, % of ever partnered women ages 15-49)",SG.VAW.1549.ME.ZS,Canada,CAN,..,..,..,..,..,..,..,3,..,..,..,..
"Proportion of women subjected to physical and/or sexual violence in the last 12 months (modeled estimate, % of ever partnered women ages 15-49)",SG.VAW.1549.ME.ZS,Cayman Islands,CYM,..,..,..,..,..,..,..,..,..,..,..,..
"Proportion of women subjected to physical and/or sexual violence in the last 12 months (modeled estimate, % of ever partnered women ages 15-49)",SG.VAW.1549.ME.ZS,Central African Republic,CAF,..,..,..,..,..,..,..,21,..,..,..,..
"Proportion of women subjected to physical and/or sexual violence in the last 12 months (modeled estimate, % of ever partnered women ages 15-49)",SG.VAW.1549.ME.ZS,Chad,TCD,..,..,..,..,..,..,..,16,..,..,..,..
"Proportion of women subjected to physical and/or sexual violence in the last 12 months (modeled estimate, % of ever partnered women ages 15-49)",SG.VAW.1549.ME.ZS,Channel Islands,CHI,..,..,..,..,..,..,..,..,..,..,..,..
"Proportion of women subjected to physical and/or sexual violence in the last 12 months (modeled estimate, % of ever partnered women ages 15-49)",SG.VAW.1549.ME.ZS,Chile,CHL,..,..,..,..,..,..,..,6,..,..,..,..
"Proportion of women subjected to physical and/or sexual violence in the last 12 months (modeled estimate, % of ever partnered women ages 15-49)",SG.VAW.1549.ME.ZS,China,CHN,..,..,..,..,..,..,..,8,..,..,..,..
"Proportion of women subjected to physical and/or sexual violence in the last 12 months (modeled estimate, % of ever partnered women ages 15-49)",SG.VAW.1549.ME.ZS,Colombia,COL,..,..,..,..,..,..,..,12,..,..,..,..
"Proportion of women subjected to physical and/or sexual violence in the last 12 months (modeled estimate, % of ever partnered women ages 15-49)",SG.VAW.1549.ME.ZS,Comoros,COM,..,..,..,..,..,..,..,8,..,..,..,..
"Proportion of women subjected to physical and/or sexual violence in the last 12 months (modeled estimate, % of ever partnered women ages 15-49)",SG.VAW.1549.ME.ZS,"Congo, Dem. Rep.",COD,..,..,..,..,..,..,..,36,..,..,..,..
"Proportion of women subjected to physical and/or sexual violence in the last 12 months (modeled estimate, % of ever partnered women ages 15-49)",SG.VAW.1549.ME.ZS,"Congo, Rep.",COG,..,..,..,..,..,..,..,..,..,..,..,..
"Proportion of women subjected to physical and/or sexual violence in the last 12 months (modeled estimate, % of ever partnered women ages 15-49)",SG.VAW.1549.ME.ZS,Costa Rica,CRI,..,..,..,..,..,..,..,7,..,..,..,..
"Proportion of women subjected to physical and/or sexual violence in the last 12 months (modeled estimate, % of ever partnered women ages 15-49)",SG.VAW.1549.ME.ZS,Cote d'Ivoire,CIV,..,..,..,..,..,..,..,16,..,..,..,..
"Proportion of women subjected to physical and/or sexual violence in the last 12 months (modeled estimate, % of ever partnered women ages 15-49)",SG.VAW.1549.ME.ZS,Croatia,HRV,..,..,..,..,..,..,..,4,..,..,..,..
"Proportion of women subjected to physical and/or sexual violence in the last 12 months (modeled estimate, % of ever partnered women ages 15-49)",SG.VAW.1549.ME.ZS,Cuba,CUB,..,..,..,..,..,..,..,5,..,..,..,..
"Proportion of women subjected to physical and/or sexual violence in the last 12 months (modeled estimate, % of ever partnered women ages 15-49)",SG.VAW.1549.ME.ZS,Curacao,CUW,..,..,..,..,..,..,..,..,..,..,..,..
"Proportion of women subjected to physical and/or sexual violence in the last 12 months (modeled estimate, % of ever partnered women ages 15-49)",SG.VAW.1549.ME.ZS,Cyprus,CYP,..,..,..,..,..,..,..,3,..,..,..,..
"Proportion of women subjected to physical and/or sexual violence in the last 12 months (modeled estimate, % of ever partnered women ages 15-49)",SG.VAW.1549.ME.ZS,Czechia,CZE,..,..,..,..,..,..,..,4,..,..,..,..
"Proportion of women subjected to physical and/or sexual violence in the last 12 months (modeled estimate, % of ever partnered women ages 15-49)",SG.VAW.1549.ME.ZS,Denmark,DNK,..,..,..,..,..,..,..,3,..,..,..,..
"Proportion of women subjected to physical and/or sexual violence in the last 12 months (modeled estimate, % of ever partnered women ages 15-49)",SG.VAW.1549.ME.ZS,Djibouti,DJI,..,..,..,..,..,..,..,..,..,..,..,..
"Proportion of women subjected to physical and/or sexual violence in the last 12 months (modeled estimate, % of ever partnered women ages 15-49)",SG.VAW.1549.ME.ZS,Dominica,DMA,..,..,..,..,..,..,..,..,..,..,..,..
"Proportion of women subjected to physical and/or sexual violence in the last 12 months (modeled estimate, % of ever partnered women ages 15-49)",SG.VAW.1549.ME.ZS,Dominican Republic,DOM,..,..,..,..,..,..,..,10,..,..,..,..
"Proportion of women subjected to physical and/or sexual violence in the last 12 months (modeled estimate, % of ever partnered women ages 15-49)",SG.VAW.1549.ME.ZS,Ecuador,ECU,..,..,..,..,..,..,..,8,..,..,..,..
"Proportion of women subjected to physical and/or sexual violence in the last 12 months (modeled estimate, % of ever partnered women ages 15-49)",SG.VAW.1549.ME.ZS,"Egypt, Arab Rep.",EGY,..,..,..,..,..,..,..,15,..,..,..,..
"Proportion of women subjected to physical and/or sexual violence in the last 12 months (modeled estimate, % of ever partnered women ages 15-49)",SG.VAW.1549.ME.ZS,El Salvador,SLV,..,..,..,..,..,..,..,6,..,..,..,..
"Proportion of women subjected to physical and/or sexual violence in the last 12 months (modeled estimate, % of ever partnered women ages 15-49)",SG.VAW.1549.ME.ZS,Equatorial Guinea,GNQ,..,..,..,..,..,..,..,29,..,..,..,..
"Proportion of women subjected to physical and/or sexual violence in the last 12 months (modeled estimate, % of ever partnered women ages 15-49)",SG.VAW.1549.ME.ZS,Eritrea,ERI,..,..,..,..,..,..,..,..,..,..,..,..
"Proportion of women subjected to physical and/or sexual violence in the last 12 months (modeled estimate, % of ever partnered women ages 15-49)",SG.VAW.1549.ME.ZS,Estonia,EST,..,..,..,..,..,..,..,4,..,..,..,..
"Proportion of women subjected to physical and/or sexual violence in the last 12 months (modeled estimate, % of ever partnered women ages 15-49)",SG.VAW.1549.ME.ZS,Eswatini,SWZ,..,..,..,..,..,..,..,18,..,..,..,..
"Proportion of women subjected to physical and/or sexual violence in the last 12 months (modeled estimate, % of ever partnered women ages 15-49)",SG.VAW.1549.ME.ZS,Ethiopia,ETH,..,..,..,..,..,..,..,27,..,..,..,..
"Proportion of women subjected to physical and/or sexual violence in the last 12 months (modeled estimate, % of ever partnered women ages 15-49)",SG.VAW.1549.ME.ZS,Faroe Islands,FRO,..,..,..,..,..,..,..,..,..,..,..,..
"Proportion of women subjected to physical and/or sexual violence in the last 12 months (modeled estimate, % of ever partnered women ages 15-49)",SG.VAW.1549.ME.ZS,Fiji,FJI,..,..,..,..,..,..,..,23,..,..,..,..
"Proportion of women subjected to physical and/or sexual violence in the last 12 months (modeled estimate, % of ever partnered women ages 15-49)",SG.VAW.1549.ME.ZS,Finland,FIN,..,..,..,..,..,..,..,8,..,..,..,..
"Proportion of women subjected to physical and/or sexual violence in the last 12 months (modeled estimate, % of ever partnered women ages 15-49)",SG.VAW.1549.ME.ZS,France,FRA,..,..,..,..,..,..,..,5,..,..,..,..
"Proportion of women subjected to physical and/or sexual violence in the last 12 months (modeled estimate, % of ever partnered women ages 15-49)",SG.VAW.1549.ME.ZS,French Polynesia,PYF,..,..,..,..,..,..,..,..,..,..,..,..
"Proportion of women subjected to physical and/or sexual violence in the last 12 months (modeled estimate, % of ever partnered women ages 15-49)",SG.VAW.1549.ME.ZS,Gabon,GAB,..,..,..,..,..,..,..,22,..,..,..,..
"Proportion of women subjected to physical and/or sexual violence in the last 12 months (modeled estimate, % of ever partnered women ages 15-49)",SG.VAW.1549.ME.ZS,"Gambia, The",GMB,..,..,..,..,..,..,..,10,..,..,..,..
"Proportion of women subjected to physical and/or sexual violence in the last 12 months (modeled estimate, % of ever partnered women ages 15-49)",SG.VAW.1549.ME.ZS,Georgia,GEO,..,..,..,..,..,..,..,3,..,..,..,..
"Proportion of women subjected to physical and/or sexual violence in the last 12 months (modeled estimate, % of ever partnered women ages 15-49)",SG.VAW.1549.ME.ZS,Germany,DEU,..,..,..,..,..,..,..,5,..,..,..,..
"Proportion of women subjected to physical and/or sexual violence in the last 12 months (modeled estimate, % of ever partnered women ages 15-49)",SG.VAW.1549.ME.ZS,Ghana,GHA,..,..,..,..,..,..,..,10,..,..,..,..
"Proportion of women subjected to physical and/or sexual violence in the last 12 months (modeled estimate, % of ever partnered women ages 15-49)",SG.VAW.1549.ME.ZS,Gibraltar,GIB,..,..,..,..,..,..,..,..,..,..,..,..
"Proportion of women subjected to physical and/or sexual violence in the last 12 months (modeled estimate, % of ever partnered women ages 15-49)",SG.VAW.1549.ME.ZS,Greece,GRC,..,..,..,..,..,..,..,5,..,..,..,..
"Proportion of women subjected to physical and/or sexual violence in the last 12 months (modeled estimate, % of ever partnered women ages 15-49)",SG.VAW.1549.ME.ZS,Greenland,GRL,..,..,..,..,..,..,..,..,..,..,..,..
"Proportion of women subjected to physical and/or sexual violence in the last 12 months (modeled estimate, % of ever partnered women ages 15-49)",SG.VAW.1549.ME.ZS,Grenada,GRD,..,..,..,..,..,..,..,8,..,..,..,..
"Proportion of women subjected to physical and/or sexual violence in the last 12 months (modeled estimate, % of ever partnered women ages 15-49)",SG.VAW.1549.ME.ZS,Guam,GUM,..,..,..,..,..,..,..,..,..,..,..,..
"Proportion of women subjected to physical and/or sexual violence in the last 12 months (modeled estimate, % of ever partnered women ages 15-49)",SG.VAW.1549.ME.ZS,Guatemala,GTM,..,..,..,..,..,..,..,7,..,..,..,..
"Proportion of women subjected to physical and/or sexual violence in the last 12 months (modeled estimate, % of ever partnered women ages 15-49)",SG.VAW.1549.ME.ZS,Guinea,GIN,..,..,..,..,..,..,..,21,..,..,..,..
"Proportion of women subjected to physical and/or sexual violence in the last 12 months (modeled estimate, % of ever partnered women ages 15-49)",SG.VAW.1549.ME.ZS,Guinea-Bissau,GNB,..,..,..,..,..,..,..,..,..,..,..,..
"Proportion of women subjected to physical and/or sexual violence in the last 12 months (modeled estimate, % of ever partnered women ages 15-49)",SG.VAW.1549.ME.ZS,Guyana,GUY,..,..,..,..,..,..,..,10,..,..,..,..
"Proportion of women subjected to physical and/or sexual violence in the last 12 months (modeled estimate, % of ever partnered women ages 15-49)",SG.VAW.1549.ME.ZS,Haiti,HTI,..,..,..,..,..,..,..,12,..,..,..,..
"Proportion of women subjected to physical and/or sexual violence in the last 12 months (modeled estimate, % of ever partnered women ages 15-49)",SG.VAW.1549.ME.ZS,Honduras,HND,..,..,..,..,..,..,..,7,..,..,..,..
"Proportion of women subjected to physical and/or sexual violence in the last 12 months (modeled estimate, % of ever partnered women ages 15-49)",SG.VAW.1549.ME.ZS,"Hong Kong SAR, China",HKG,..,..,..,..,..,..,..,3,..,..,..,..
"Proportion of women subjected to physical and/or sexual violence in the last 12 months (modeled estimate, % of ever partnered women ages 15-49)",SG.VAW.1549.ME.ZS,Hungary,HUN,..,..,..,..,..,..,..,6,..,..,..,..
"Proportion of women subjected to physical and/or sexual violence in the last 12 months (modeled estimate, % of ever partnered women ages 15-49)",SG.VAW.1549.ME.ZS,Iceland,ISL,..,..,..,..,..,..,..,3,..,..,..,..
"Proportion of women subjected to physical and/or sexual violence in the last 12 months (modeled estimate, % of ever partnered women ages 15-49)",SG.VAW.1549.ME.ZS,India,IND,..,..,..,..,..,..,..,18,..,..,..,..
"Proportion of women subjected to physical and/or sexual violence in the last 12 months (modeled estimate, % of ever partnered women ages 15-49)",SG.VAW.1549.ME.ZS,Indonesia,IDN,..,..,..,..,..,..,..,9,..,..,..,..
"Proportion of women subjected to physical and/or sexual violence in the last 12 months (modeled estimate, % of ever partnered women ages 15-49)",SG.VAW.1549.ME.ZS,"Iran, Islamic Rep.",IRN,..,..,..,..,..,..,..,18,..,..,..,..
"Proportion of women subjected to physical and/or sexual violence in the last 12 months (modeled estimate, % of ever partnered women ages 15-49)",SG.VAW.1549.ME.ZS,Iraq,IRQ,..,..,..,..,..,..,..,..,..,..,..,..
"Proportion of women subjected to physical and/or sexual violence in the last 12 months (modeled estimate, % of ever partnered women ages 15-49)",SG.VAW.1549.ME.ZS,Ireland,IRL,..,..,..,..,..,..,..,3,..,..,..,..
"Proportion of women subjected to physical and/or sexual violence in the last 12 months (modeled estimate, % of ever partnered women ages 15-49)",SG.VAW.1549.ME.ZS,Isle of Man,IMN,..,..,..,..,..,..,..,..,..,..,..,..
"Proportion of women subjected to physical and/or sexual violence in the last 12 months (modeled estimate, % of ever partnered women ages 15-49)",SG.VAW.1549.ME.ZS,Israel,ISR,..,..,..,..,..,..,..,6,..,..,..,..
"Proportion of women subjected to physical and/or sexual violence in the last 12 months (modeled estimate, % of ever partnered women ages 15-49)",SG.VAW.1549.ME.ZS,Italy,ITA,..,..,..,..,..,..,..,4,..,..,..,..
"Proportion of women subjected to physical and/or sexual violence in the last 12 months (modeled estimate, % of ever partnered women ages 15-49)",SG.VAW.1549.ME.ZS,Jamaica,JAM,..,..,..,..,..,..,..,7,..,..,..,..
"Proportion of women subjected to physical and/or sexual violence in the last 12 months (modeled estimate, % of ever partnered women ages 15-49)",SG.VAW.1549.ME.ZS,Japan,JPN,..,..,..,..,..,..,..,4,..,..,..,..
"Proportion of women subjected to physical and/or sexual violence in the last 12 months (modeled estimate, % of ever partnered women ages 15-49)",SG.VAW.1549.ME.ZS,Jordan,JOR,..,..,..,..,..,..,..,13,..,..,..,..
"Proportion of women subjected to physical and/or sexual violence in the last 12 months (modeled estimate, % of ever partnered women ages 15-49)",SG.VAW.1549.ME.ZS,Kazakhstan,KAZ,..,..,..,..,..,..,..,6,..,..,..,..
"Proportion of women subjected to physical and/or sexual violence in the last 12 months (modeled estimate, % of ever partnered women ages 15-49)",SG.VAW.1549.ME.ZS,Kenya,KEN,..,..,..,..,..,..,..,23,..,..,..,..
"Proportion of women subjected to physical and/or sexual violence in the last 12 months (modeled estimate, % of ever partnered women ages 15-49)",SG.VAW.1549.ME.ZS,Kiribati,KIR,..,..,..,..,..,..,..,25,..,..,..,..
"Proportion of women subjected to physical and/or sexual violence in the last 12 months (modeled estimate, % of ever partnered women ages 15-49)",SG.VAW.1549.ME.ZS,"Korea, Dem. People's Rep.",PRK,..,..,..,..,..,..,..,..,..,..,..,..
"Proportion of women subjected to physical and/or sexual violence in the last 12 months (modeled estimate, % of ever partnered women ages 15-49)",SG.VAW.1549.ME.ZS,"Korea, Rep.",KOR,..,..,..,..,..,..,..,8,..,..,..,..
"Proportion of women subjected to physical and/or sexual violence in the last 12 months (modeled estimate, % of ever partnered women ages 15-49)",SG.VAW.1549.ME.ZS,Kosovo,XKX,..,..,..,..,..,..,..,5,..,..,..,..
"Proportion of women subjected to physical and/or sexual violence in the last 12 months (modeled estimate, % of ever partnered women ages 15-49)",SG.VAW.1549.ME.ZS,Kuwait,KWT,..,..,..,..,..,..,..,..,..,..,..,..
"Proportion of women subjected to physical and/or sexual violence in the last 12 months (modeled estimate, % of ever partnered women ages 15-49)",SG.VAW.1549.ME.ZS,Kyrgyz Republic,KGZ,..,..,..,..,..,..,..,13,..,..,..,..
"Proportion of women subjected to physical and/or sexual violence in the last 12 months (modeled estimate, % of ever partnered women ages 15-49)",SG.VAW.1549.ME.ZS,Lao PDR,LAO,..,..,..,..,..,..,..,8,..,..,..,..
"Proportion of women subjected to physical and/or sexual violence in the last 12 months (modeled estimate, % of ever partnered women ages 15-49)",SG.VAW.1549.ME.ZS,Latvia,LVA,..,..,..,..,..,..,..,6,..,..,..,..
"Proportion of women subjected to physical and/or sexual violence in the last 12 months (modeled estimate, % of ever partnered women ages 15-49)",SG.VAW.1549.ME.ZS,Lebanon,LBN,..,..,..,..,..,..,..,..,..,..,..,..
"Proportion of women subjected to physical and/or sexual violence in the last 12 months (modeled estimate, % of ever partnered women ages 15-49)",SG.VAW.1549.ME.ZS,Lesotho,LSO,..,..,..,..,..,..,..,16,..,..,..,..
"Proportion of women subjected to physical and/or sexual violence in the last 12 months (modeled estimate, % of ever partnered women ages 15-49)",SG.VAW.1549.ME.ZS,Liberia,LBR,..,..,..,..,..,..,..,27,..,..,..,..
"Proportion of women subjected to physical and/or sexual violence in the last 12 months (modeled estimate, % of ever partnered women ages 15-49)",SG.VAW.1549.ME.ZS,Libya,LBY,..,..,..,..,..,..,..,..,..,..,..,..
"Proportion of women subjected to physical and/or sexual violence in the last 12 months (modeled estimate, % of ever partnered women ages 15-49)",SG.VAW.1549.ME.ZS,Liechtenstein,LIE,..,..,..,..,..,..,..,..,..,..,..,..
"Proportion of women subjected to physical and/or sexual violence in the last 12 months (modeled estimate, % of ever partnered women ages 15-49)",SG.VAW.1549.ME.ZS,Lithuania,LTU,..,..,..,..,..,..,..,5,..,..,..,..
"Proportion of women subjected to physical and/or sexual violence in the last 12 months (modeled estimate, % of ever partnered women ages 15-49)",SG.VAW.1549.ME.ZS,Luxembourg,LUX,..,..,..,..,..,..,..,4,..,..,..,..
"Proportion of women subjected to physical and/or sexual violence in the last 12 months (modeled estimate, % of ever partnered women ages 15-49)",SG.VAW.1549.ME.ZS,"Macao SAR, China",MAC,..,..,..,..,..,..,..,..,..,..,..,..
"Proportion of women subjected to physical and/or sexual violence in the last 12 months (modeled estimate, % of ever partnered women ages 15-49)",SG.VAW.1549.ME.ZS,Madagascar,MDG,..,..,..,..,..,..,..,..,..,..,..,..
"Proportion of women subjected to physical and/or sexual violence in the last 12 months (modeled estimate, % of ever partnered women ages 15-49)",SG.VAW.1549.ME.ZS,Malawi,MWI,..,..,..,..,..,..,..,17,..,..,..,..
"Proportion of women subjected to physical and/or sexual violence in the last 12 months (modeled estimate, % of ever partnered women ages 15-49)",SG.VAW.1549.ME.ZS,Malaysia,MYS,..,..,..,..,..,..,..,..,..,..,..,..
"Proportion of women subjected to physical and/or sexual violence in the last 12 months (modeled estimate, % of ever partnered women ages 15-49)",SG.VAW.1549.ME.ZS,Maldives,MDV,..,..,..,..,..,..,..,6,..,..,..,..
"Proportion of women subjected to physical and/or sexual violence in the last 12 months (modeled estimate, % of ever partnered women ages 15-49)",SG.VAW.1549.ME.ZS,Mali,MLI,..,..,..,..,..,..,..,18,..,..,..,..
"Proportion of women subjected to physical and/or sexual violence in the last 12 months (modeled estimate, % of ever partnered women ages 15-49)",SG.VAW.1549.ME.ZS,Malta,MLT,..,..,..,..,..,..,..,4,..,..,..,..
"Proportion of women subjected to physical and/or sexual violence in the last 12 months (modeled estimate, % of ever partnered women ages 15-49)",SG.VAW.1549.ME.ZS,Marshall Islands,MHL,..,..,..,..,..,..,..,19,..,..,..,..
"Proportion of women subjected to physical and/or sexual violence in the last 12 months (modeled estimate, % of ever partnered women ages 15-49)",SG.VAW.1549.ME.ZS,Mauritania,MRT,..,..,..,..,..,..,..,..,..,..,..,..
"Proportion of women subjected to physical and/or sexual violence in the last 12 months (modeled estimate, % of ever partnered women ages 15-49)",SG.VAW.1549.ME.ZS,Mauritius,MUS,..,..,..,..,..,..,..,..,..,..,..,..
"Proportion of women subjected to physical and/or sexual violence in the last 12 months (modeled estimate, % of ever partnered women ages 15-49)",SG.VAW.1549.ME.ZS,Mexico,MEX,..,..,..,..,..,..,..,10,..,..,..,..
"Proportion of women subjected to physical and/or sexual violence in the last 12 months (modeled estimate, % of ever partnered women ages 15-49)",SG.VAW.1549.ME.ZS,"Micronesia, Fed. Sts.",FSM,..,..,..,..,..,..,..,21,..,..,..,..
"Proportion of women subjected to physical and/or sexual violence in the last 12 months (modeled estimate, % of ever partnered women ages 15-49)",SG.VAW.1549.ME.ZS,Moldova,MDA,..,..,..,..,..,..,..,9,..,..,..,..
"Proportion of women subjected to physical and/or sexual violence in the last 12 months (modeled estimate, % of ever partnered women ages 15-49)",SG.VAW.1549.ME.ZS,Monaco,MCO,..,..,..,..,..,..,..,..,..,..,..,..
"Proportion of women subjected to physical and/or sexual violence in the last 12 months (modeled estimate, % of ever partnered women ages 15-49)",SG.VAW.1549.ME.ZS,Mongolia,MNG,..,..,..,..,..,..,..,12,..,..,..,..
"Proportion of women subjected to physical and/or sexual violence in the last 12 months (modeled estimate, % of ever partnered women ages 15-49)",SG.VAW.1549.ME.ZS,Montenegro,MNE,..,..,..,..,..,..,..,4,..,..,..,..
"Proportion of women subjected to physical and/or sexual violence in the last 12 months (modeled estimate, % of ever partnered women ages 15-49)",SG.VAW.1549.ME.ZS,Morocco,MAR,..,..,..,..,..,..,..,10,..,..,..,..
"Proportion of women subjected to physical and/or sexual violence in the last 12 months (modeled estimate, % of ever partnered women ages 15-49)",SG.VAW.1549.ME.ZS,Mozambique,MOZ,..,..,..,..,..,..,..,16,..,..,..,..
"Proportion of women subjected to physical and/or sexual violence in the last 12 months (modeled estimate, % of ever partnered women ages 15-49)",SG.VAW.1549.ME.ZS,Myanmar,MMR,..,..,..,..,..,..,..,11,..,..,..,..
"Proportion of women subjected to physical and/or sexual violence in the last 12 months (modeled estimate, % of ever partnered women ages 15-49)",SG.VAW.1549.ME.ZS,Namibia,NAM,..,..,..,..,..,..,..,16,..,..,..,..
"Proportion of women subjected to physical and/or sexual violence in the last 12 months (modeled estimate, % of ever partnered women ages 15-49)",SG.VAW.1549.ME.ZS,Nauru,NRU,..,..,..,..,..,..,..,20,..,..,..,..
"Proportion of women subjected to physical and/or sexual violence in the last 12 months (modeled estimate, % of ever partnered women ages 15-49)",SG.VAW.1549.ME.ZS,Nepal,NPL,..,..,..,..,..,..,..,11,..,..,..,..
"Proportion of women subjected to physical and/or sexual violence in the last 12 months (modeled estimate, % of ever partnered women ages 15-49)",SG.VAW.1549.ME.ZS,Netherlands,NLD,..,..,..,..,..,..,..,5,..,..,..,..
"Proportion of women subjected to physical and/or sexual violence in the last 12 months (modeled estimate, % of ever partnered women ages 15-49)",SG.VAW.1549.ME.ZS,New Caledonia,NCL,..,..,..,..,..,..,..,..,..,..,..,..
"Proportion of women subjected to physical and/or sexual violence in the last 12 months (modeled estimate, % of ever partnered women ages 15-49)",SG.VAW.1549.ME.ZS,New Zealand,NZL,..,..,..,..,..,..,..,4,..,..,..,..
"Proportion of women subjected to physical and/or sexual violence in the last 12 months (modeled estimate, % of ever partnered women ages 15-49)",SG.VAW.1549.ME.ZS,Nicaragua,NIC,..,..,..,..,..,..,..,6,..,..,..,..
"Proportion of women subjected to physical and/or sexual violence in the last 12 months (modeled estimate, % of ever partnered women ages 15-49)",SG.VAW.1549.ME.ZS,Niger,NER,..,..,..,..,..,..,..,13,..,..,..,..
"Proportion of women subjected to physical and/or sexual violence in the last 12 months (modeled estimate, % of ever partnered women ages 15-49)",SG.VAW.1549.ME.ZS,Nigeria,NGA,..,..,..,..,..,..,..,13,..,..,..,..
"Proportion of women subjected to physical and/or sexual violence in the last 12 months (modeled estimate, % of ever partnered women ages 15-49)",SG.VAW.1549.ME.ZS,North Macedonia,MKD,..,..,..,..,..,..,..,4,..,..,..,..
"Proportion of women subjected to physical and/or sexual violence in the last 12 months (modeled estimate, % of ever partnered women ages 15-49)",SG.VAW.1549.ME.ZS,Northern Mariana Islands,MNP,..,..,..,..,..,..,..,..,..,..,..,..
"Proportion of women subjected to physical and/or sexual violence in the last 12 months (modeled estimate, % of ever partnered women ages 15-49)",SG.VAW.1549.ME.ZS,Norway,NOR,..,..,..,..,..,..,..,4,..,..,..,..
"Proportion of women subjected to physical and/or sexual violence in the last 12 months (modeled estimate, % of ever partnered women ages 15-49)",SG.VAW.1549.ME.ZS,Oman,OMN,..,..,..,..,..,..,..,..,..,..,..,..
"Proportion of women subjected to physical and/or sexual violence in the last 12 months (modeled estimate, % of ever partnered women ages 15-49)",SG.VAW.1549.ME.ZS,Pakistan,PAK,..,..,..,..,..,..,..,16,..,..,..,..
"Proportion of women subjected to physical and/or sexual violence in the last 12 months (modeled estimate, % of ever partnered women ages 15-49)",SG.VAW.1549.ME.ZS,Palau,PLW,..,..,..,..,..,..,..,14,..,..,..,..
"Proportion of women subjected to physical and/or sexual violence in the last 12 months (modeled estimate, % of ever partnered women ages 15-49)",SG.VAW.1549.ME.ZS,Panama,PAN,..,..,..,..,..,..,..,8,..,..,..,..
"Proportion of women subjected to physical and/or sexual violence in the last 12 months (modeled estimate, % of ever partnered women ages 15-49)",SG.VAW.1549.ME.ZS,Papua New Guinea,PNG,..,..,..,..,..,..,..,31,..,..,..,..
"Proportion of women subjected to physical and/or sexual violence in the last 12 months (modeled estimate, % of ever partnered women ages 15-49)",SG.VAW.1549.ME.ZS,Paraguay,PRY,..,..,..,..,..,..,..,6,..,..,..,..
"Proportion of women subjected to physical and/or sexual violence in the last 12 months (modeled estimate, % of ever partnered women ages 15-49)",SG.VAW.1549.ME.ZS,Peru,PER,..,..,..,..,..,..,..,11,..,..,..,..
"Proportion of women subjected to physical and/or sexual violence in the last 12 months (modeled estimate, % of ever partnered women ages 15-49)",SG.VAW.1549.ME.ZS,Philippines,PHL,..,..,..,..,..,..,..,6,..,..,..,..
"Proportion of women subjected to physical and/or sexual violence in the last 12 months (modeled estimate, % of ever partnered women ages 15-49)",SG.VAW.1549.ME.ZS,Poland,POL,..,..,..,..,..,..,..,3,..,..,..,..
"Proportion of women subjected to physical and/or sexual violence in the last 12 months (modeled estimate, % of ever partnered women ages 15-49)",SG.VAW.1549.ME.ZS,Portugal,PRT,..,..,..,..,..,..,..,4,..,..,..,..
"Proportion of women subjected to physical and/or sexual violence in the last 12 months (modeled estimate, % of ever partnered women ages 15-49)",SG.VAW.1549.ME.ZS,Puerto Rico,PRI,..,..,..,..,..,..,..,..,..,..,..,..
"Proportion of women subjected to physical and/or sexual violence in the last 12 months (modeled estimate, % of ever partnered women ages 15-49)",SG.VAW.1549.ME.ZS,Qatar,QAT,..,..,..,..,..,..,..,..,..,..,..,..
"Proportion of women subjected to physical and/or sexual violence in the last 12 months (modeled estimate, % of ever partnered women ages 15-49)",SG.VAW.1549.ME.ZS,Romania,ROU,..,..,..,..,..,..,..,7,..,..,..,..
"Proportion of women subjected to physical and/or sexual violence in the last 12 months (modeled estimate, % of ever partnered women ages 15-49)",SG.VAW.1549.ME.ZS,Russian Federation,RUS,..,..,..,..,..,..,..,..,..,..,..,..
"Proportion of women subjected to physical and/or sexual violence in the last 12 months (modeled estimate, % of ever partnered women ages 15-49)",SG.VAW.1549.ME.ZS,Rwanda,RWA,..,..,..,..,..,..,..,23,..,..,..,..
"Proportion of women subjected to physical and/or sexual violence in the last 12 months (modeled estimate, % of ever partnered women ages 15-49)",SG.VAW.1549.ME.ZS,Samoa,WSM,..,..,..,..,..,..,..,18,..,..,..,..
"Proportion of women subjected to physical and/or sexual violence in the last 12 months (modeled estimate, % of ever partnered women ages 15-49)",SG.VAW.1549.ME.ZS,San Marino,SMR,..,..,..,..,..,..,..,..,..,..,..,..
"Proportion of women subjected to physical and/or sexual violence in the last 12 months (modeled estimate, % of ever partnered women ages 15-49)",SG.VAW.1549.ME.ZS,Sao Tome and Principe,STP,..,..,..,..,..,..,..,18,..,..,..,..
"Proportion of women subjected to physical and/or sexual violence in the last 12 months (modeled estimate, % of ever partnered women ages 15-49)",SG.VAW.1549.ME.ZS,Saudi Arabia,SAU,..,..,..,..,..,..,..,..,..,..,..,..
"Proportion of women subjected to physical and/or sexual violence in the last 12 months (modeled estimate, % of ever partnered women ages 15-49)",SG.VAW.1549.ME.ZS,Senegal,SEN,..,..,..,..,..,..,..,12,..,..,..,..
"Proportion of women subjected to physical and/or sexual violence in the last 12 months (modeled estimate, % of ever partnered women ages 15-49)",SG.VAW.1549.ME.ZS,Serbia,SRB,..,..,..,..,..,..,..,4,..,..,..,..
"Proportion of women subjected to physical and/or sexual violence in the last 12 months (modeled estimate, % of ever partnered women ages 15-49)",SG.VAW.1549.ME.ZS,Seychelles,SYC,..,..,..,..,..,..,..,..,..,..,..,..
"Proportion of women subjected to physical and/or sexual violence in the last 12 months (modeled estimate, % of ever partnered women ages 15-49)",SG.VAW.1549.ME.ZS,Sierra Leone,SLE,..,..,..,..,..,..,..,20,..,..,..,..
"Proportion of women subjected to physical and/or sexual violence in the last 12 months (modeled estimate, % of ever partnered women ages 15-49)",SG.VAW.1549.ME.ZS,Singapore,SGP,..,..,..,..,..,..,..,2,..,..,..,..
"Proportion of women subjected to physical and/or sexual violence in the last 12 months (modeled estimate, % of ever partnered women ages 15-49)",SG.VAW.1549.ME.ZS,Sint Maarten (Dutch part),SXM,..,..,..,..,..,..,..,..,..,..,..,..
"Proportion of women subjected to physical and/or sexual violence in the last 12 months (modeled estimate, % of ever partnered women ages 15-49)",SG.VAW.1549.ME.ZS,Slovak Republic,SVK,..,..,..,..,..,..,..,6,..,..,..,..
"Proportion of women subjected to physical and/or sexual violence in the last 12 months (modeled estimate, % of ever partnered women ages 15-49)",SG.VAW.1549.ME.ZS,Slovenia,SVN,..,..,..,..,..,..,..,3,..,..,..,..
"Proportion of women subjected to physical and/or sexual violence in the last 12 months (modeled estimate, % of ever partnered women ages 15-49)",SG.VAW.1549.ME.ZS,Solomon Islands,SLB,..,..,..,..,..,..,..,28,..,..,..,..
"Proportion of women subjected to physical and/or sexual violence in the last 12 months (modeled estimate, % of ever partnered women ages 15-49)",SG.VAW.1549.ME.ZS,Somalia,SOM,..,..,..,..,..,..,..,..,..,..,..,..
"Proportion of women subjected to physical and/or sexual violence in the last 12 months (modeled estimate, % of ever partnered women ages 15-49)",SG.VAW.1549.ME.ZS,South Africa,ZAF,..,..,..,..,..,..,..,13,..,..,..,..
"Proportion of women subjected to physical and/or sexual violence in the last 12 months (modeled estimate, % of ever partnered women ages 15-49)",SG.VAW.1549.ME.ZS,South Sudan,SSD,..,..,..,..,..,..,..,27,..,..,..,..
"Proportion of women subjected to physical and/or sexual violence in the last 12 months (modeled estimate, % of ever partnered women ages 15-49)",SG.VAW.1549.ME.ZS,Spain,ESP,..,..,..,..,..,..,..,3,..,..,..,..
"Proportion of women subjected to physical and/or sexual violence in the last 12 months (modeled estimate, % of ever partnered women ages 15-49)",SG.VAW.1549.ME.ZS,Sri Lanka,LKA,..,..,..,..,..,..,..,4,..,..,..,..
"Proportion of women subjected to physical and/or sexual violence in the last 12 months (modeled estimate, % of ever partnered women ages 15-49)",SG.VAW.1549.ME.ZS,St. Kitts and Nevis,KNA,..,..,..,..,..,..,..,..,..,..,..,..
"Proportion of women subjected to physical and/or sexual violence in the last 12 months (modeled estimate, % of ever partnered women ages 15-49)",SG.VAW.1549.ME.ZS,St. Lucia,LCA,..,..,..,..,..,..,..,..,..,..,..,..
"Proportion of women subjected to physical and/or sexual violence in the last 12 months (modeled estimate, % of ever partnered women ages 15-49)",SG.VAW.1549.ME.ZS,St. Martin (French part),MAF,..,..,..,..,..,..,..,..,..,..,..,..
"Proportion of women subjected to physical and/or sexual violence in the last 12 months (modeled estimate, % of ever partnered women ages 15-49)",SG.VAW.1549.ME.ZS,St. Vincent and the Grenadines,VCT,..,..,..,..,..,..,..,..,..,..,..,..
"Proportion of women subjected to physical and/or sexual violence in the last 12 months (modeled estimate, % of ever partnered women ages 15-49)",SG.VAW.1549.ME.ZS,Sudan,SDN,..,..,..,..,..,..,..,17,..,..,..,..
"Proportion of women subjected to physical and/or sexual violence in the last 12 months (modeled estimate, % of ever partnered women ages 15-49)",SG.VAW.1549.ME.ZS,Suriname,SUR,..,..,..,..,..,..,..,8,..,..,..,..
"Proportion of women subjected to physical and/or sexual violence in the last 12 months (modeled estimate, % of ever partnered women ages 15-49)",SG.VAW.1549.ME.ZS,Sweden,SWE,..,..,..,..,..,..,..,6,..,..,..,..
"Proportion of women subjected to physical and/or sexual violence in the last 12 months (modeled estimate, % of ever partnered women ages 15-49)",SG.VAW.1549.ME.ZS,Switzerland,CHE,..,..,..,..,..,..,..,2,..,..,..,..
"Proportion of women subjected to physical and/or sexual violence in the last 12 months (modeled estimate, % of ever partnered women ages 15-49)",SG.VAW.1549.ME.ZS,Syrian Arab Republic,SYR,..,..,..,..,..,..,..,..,..,..,..,..
"Proportion of women subjected to physical and/or sexual violence in the last 12 months (modeled estimate, % of ever partnered women ages 15-49)",SG.VAW.1549.ME.ZS,Tajikistan,TJK,..,..,..,..,..,..,..,14,..,..,..,..
"Proportion of women subjected to physical and/or sexual violence in the last 12 months (modeled estimate, % of ever partnered women ages 15-49)",SG.VAW.1549.ME.ZS,Tanzania,TZA,..,..,..,..,..,..,..,24,..,..,..,..
"Proportion of women subjected to physical and/or sexual violence in the last 12 months (modeled estimate, % of ever partnered women ages 15-49)",SG.VAW.1549.ME.ZS,Thailand,THA,..,..,..,..,..,..,..,9,..,..,..,..
"Proportion of women subjected to physical and/or sexual violence in the last 12 months (modeled estimate, % of ever partnered women ages 15-49)",SG.VAW.1549.ME.ZS,Timor-Leste,TLS,..,..,..,..,..,..,..,28,..,..,..,..
"Proportion of women subjected to physical and/or sexual violence in the last 12 months (modeled estimate, % of ever partnered women ages 15-49)",SG.VAW.1549.ME.ZS,Togo,TGO,..,..,..,..,..,..,..,13,..,..,..,..
"Proportion of women subjected to physical and/or sexual violence in the last 12 months (modeled estimate, % of ever partnered women ages 15-49)",SG.VAW.1549.ME.ZS,Tonga,TON,..,..,..,..,..,..,..,17,..,..,..,..
"Proportion of women subjected to physical and/or sexual violence in the last 12 months (modeled estimate, % of ever partnered women ages 15-49)",SG.VAW.1549.ME.ZS,Trinidad and Tobago,TTO,..,..,..,..,..,..,..,7,..,..,..,..
"Proportion of women subjected to physical and/or sexual violence in the last 12 months (modeled estimate, % of ever partnered women ages 15-49)",SG.VAW.1549.ME.ZS,Tunisia,TUN,..,..,..,..,..,..,..,10,..,..,..,..
"Proportion of women subjected to physical and/or sexual violence in the last 12 months (modeled estimate, % of ever partnered women ages 15-49)",SG.VAW.1549.ME.ZS,Turkiye,TUR,..,..,..,..,..,..,..,12,..,..,..,..
"Proportion of women subjected to physical and/or sexual violence in the last 12 months (modeled estimate, % of ever partnered women ages 15-49)",SG.VAW.1549.ME.ZS,Turkmenistan,TKM,..,..,..,..,..,..,..,..,..,..,..,..
"Proportion of women subjected to physical and/or sexual violence in the last 12 months (modeled estimate, % of ever partnered women ages 15-49)",SG.VAW.1549.ME.ZS,Turks and Caicos Islands,TCA,..,..,..,..,..,..,..,..,..,..,..,..
"Proportion of women subjected to physical and/or sexual violence in the last 12 months (modeled estimate, % of ever partnered women ages 15-49)",SG.VAW.1549.ME.ZS,Tuvalu,TUV,..,..,..,..,..,..,..,20,..,..,..,..
"Proportion of women subjected to physical and/or sexual violence in the last 12 months (modeled estimate, % of ever partnered women ages 15-49)",SG.VAW.1549.ME.ZS,Uganda,UGA,..,..,..,..,..,..,..,26,..,..,..,..
"Proportion of women subjected to physical and/or sexual violence in the last 12 months (modeled estimate, % of ever partnered women ages 15-49)",SG.VAW.1549.ME.ZS,Ukraine,UKR,..,..,..,..,..,..,..,9,..,..,..,..
"Proportion of women subjected to physical and/or sexual violence in the last 12 months (modeled estimate, % of ever partnered women ages 15-49)",SG.VAW.1549.ME.ZS,United Arab Emirates,ARE,..,..,..,..,..,..,..,..,..,..,..,..
"Proportion of women subjected to physical and/or sexual violence in the last 12 months (modeled estimate, % of ever partnered women ages 15-49)",SG.VAW.1549.ME.ZS,United Kingdom,GBR,..,..,..,..,..,..,..,4,..,..,..,..
"Proportion of women subjected to physical and/or sexual violence in the last 12 months (modeled estimate, % of ever partnered women ages 15-49)",SG.VAW.1549.ME.ZS,United States,USA,..,..,..,..,..,..,..,6,..,..,..,..
"Proportion of women subjected to physical and/or sexual violence in the last 12 months (modeled estimate, % of ever partnered women ages 15-49)",SG.VAW.1549.ME.ZS,Uruguay,URY,..,..,..,..,..,..,..,4,..,..,..,..
"Proportion of women subjected to physical and/or sexual violence in the last 12 months (modeled estimate, % of ever partnered women ages 15-49)",SG.VAW.1549.ME.ZS,Uzbekistan,UZB,..,..,..,..,..,..,..,..,..,..,..,..
"Proportion of women subjected to physical and/or sexual violence in the last 12 months (modeled estimate, % of ever partnered women ages 15-49)",SG.VAW.1549.ME.ZS,Vanuatu,VUT,..,..,..,..,..,..,..,29,..,..,..,..
"Proportion of women subjected to physical and/or sexual violence in the last 12 months (modeled estimate, % of ever partnered women ages 15-49)",SG.VAW.1549.ME.ZS,"Venezuela, RB",VEN,..,..,..,..,..,..,..,8,..,..,..,..
"Proportion of women subjected to physical and/or sexual violence in the last 12 months (modeled estimate, % of ever partnered women ages 15-49)",SG.VAW.1549.ME.ZS,Vietnam,VNM,..,..,..,..,..,..,..,10,..,..,..,..
"Proportion of women subjected to physical and/or sexual violence in the last 12 months (modeled estimate, % of ever partnered women ages 15-49)",SG.VAW.1549.ME.ZS,Virgin Islands (U.S.),VIR,..,..,..,..,..,..,..,..,..,..,..,..
"Proportion of women subjected to physical and/or sexual violence in the last 12 months (modeled estimate, % of ever partnered women ages 15-49)",SG.VAW.1549.ME.ZS,West Bank and Gaza,PSE,..,..,..,..,..,..,..,19,..,..,..,..
"Proportion of women subjected to physical and/or sexual violence in the last 12 months (modeled estimate, % of ever partnered women ages 15-49)",SG.VAW.1549.ME.ZS,"Yemen, Rep.",YEM,..,..,..,..,..,..,..,..,..,..,..,..
"Proportion of women subjected to physical and/or sexual violence in the last 12 months (modeled estimate, % of ever partnered women ages 15-49)",SG.VAW.1549.ME.ZS,Zambia,ZMB,..,..,..,..,..,..,..,28,..,..,..,..
"Proportion of women subjected to physical and/or sexual violence in the last 12 months (modeled estimate, % of ever partnered women ages 15-49)",SG.VAW.1549.ME.ZS,Zimbabwe,ZWE,..,..,..,..,..,..,..,18,..,..,..,..
,,,,,,,,,,,,,,,
,,,,,,,,,,,,,,,
,,,,,,,,,,,,,,,
Data from database: Gender Statistics,,,,,,,,,,,,,,,
Last Updated: 07/24/2023,,,,,,,,,,,,,,,
