Series Name,Series Code,Country Name,Country Code,1960 [YR1960],1961 [YR1961],1962 [YR1962],1963 [YR1963],1964 [YR1964],1965 [YR1965],1966 [YR1966],1967 [YR1967],1968 [YR1968],1969 [YR1969],1970 [YR1970],1971 [YR1971],1972 [YR1972],1973 [YR1973],1974 [YR1974],1975 [YR1975],1976 [YR1976],1977 [YR1977],1978 [YR1978],1979 [YR1979],1980 [YR1980],1981 [YR1981],1982 [YR1982],1983 [YR1983],1984 [YR1984],1985 [YR1985],1986 [YR1986],1987 [YR1987],1988 [YR1988],1989 [YR1989],1990 [YR1990],1991 [YR1991],1992 [YR1992],1993 [YR1993],1994 [YR1994],1995 [YR1995],1996 [YR1996],1997 [YR1997],1998 [YR1998],1999 [YR1999],2000 [YR2000],2001 [YR2001],2002 [YR2002],2003 [YR2003],2004 [YR2004],2005 [YR2005],2006 [YR2006],2007 [YR2007],2008 [YR2008],2009 [YR2009],2010 [YR2010],2011 [YR2011],2012 [YR2012],2013 [YR2013],2014 [YR2014],2015 [YR2015],2016 [YR2016],2017 [YR2017],2018 [YR2018],2019 [YR2019],2020 [YR2020],2021 [YR2021],2022 [YR2022]
"Life expectancy at age 60, female (years)",SP.DYN.LE60.FE.IN,Afghanistan,AFG,..,..,12.197959,..,..,..,..,12.645248,..,..,..,..,13.116307,..,..,..,..,13.632163,..,..,..,..,14.211346,..,..,..,..,14.82968,..,..,..,..,15.310321,..,..,..,..,15.703398,..,..,..,..,16.046343,..,..,..,..,16.463311,..,..,..,..,16.901195,..,..,..,..,17.2298979999999,..,..,..,..,..
"Life expectancy at age 60, female (years)",SP.DYN.LE60.FE.IN,Albania,ALB,..,..,20.241325,..,..,..,..,19.446686,..,..,..,..,19.2543599999999,..,..,..,..,19.635206,..,..,..,..,20.2959649999999,..,..,..,..,20.9961239999999,..,..,..,..,20.44666,..,..,..,..,21.0278379999999,..,..,..,..,21.964661,..,..,..,..,22.115327,..,..,..,..,22.883219,..,..,..,..,22.855581,..,..,..,..,..
"Life expectancy at age 60, female (years)",SP.DYN.LE60.FE.IN,Algeria,DZA,..,..,14.693738,..,..,..,..,15.0635929999999,..,..,..,..,15.390027,..,..,..,..,15.944475,..,..,..,..,17.1399639999999,..,..,..,..,17.906742,..,..,..,..,18.143041,..,..,..,..,19.047629,..,..,..,..,20.318463,..,..,..,..,21.4316509999999,..,..,..,..,22.0639429999999,..,..,..,..,22.6474049999999,..,..,..,..,..
"Life expectancy at age 60, female (years)",SP.DYN.LE60.FE.IN,American Samoa,ASM,..,..,..,..,..,..,..,..,..,..,..,..,..,..,..,..,..,..,..,..,..,..,..,..,..,..,..,..,..,..,..,..,..,..,..,..,..,..,..,..,..,..,..,..,..,..,..,..,..,..,..,..,..,..,..,..,..,..,..,..,..,..,..
"Life expectancy at age 60, female (years)",SP.DYN.LE60.FE.IN,Andorra,AND,..,..,..,..,..,..,..,..,..,..,..,..,..,..,..,..,..,..,..,..,..,..,..,..,..,..,..,..,..,..,..,..,..,..,..,..,..,..,..,..,..,..,..,..,..,..,..,..,..,..,..,..,..,..,..,..,..,..,..,..,..,..,..
"Life expectancy at age 60, female (years)",SP.DYN.LE60.FE.IN,Angola,AGO,..,..,13.98958,..,..,..,..,14.119004,..,..,..,..,14.259372,..,..,..,..,14.3978439999999,..,..,..,..,14.504687,..,..,..,..,14.563571,..,..,..,..,14.5715679999999,..,..,..,..,14.626749,..,..,..,..,14.860668,..,..,..,..,15.371369,..,..,..,..,16.064606,..,..,..,..,16.567008,..,..,..,..,..
"Life expectancy at age 60, female (years)",SP.DYN.LE60.FE.IN,Antigua and Barbuda,ATG,..,..,15.989091,..,..,..,..,16.487915,..,..,..,..,16.99277,..,..,..,..,17.472888,..,..,..,..,17.9080179999999,..,..,..,..,18.3310579999999,..,..,..,..,18.804831,..,..,..,..,19.2661979999999,..,..,..,..,19.704552,..,..,..,..,20.213018,..,..,..,..,20.8239349999999,..,..,..,..,21.356998,..,..,..,..,..
"Life expectancy at age 60, female (years)",SP.DYN.LE60.FE.IN,Argentina,ARG,..,..,18.8747499999999,..,..,..,..,19.076539,..,..,..,..,19.4468619999999,..,..,..,..,19.8173929999999,..,..,..,..,20.378924,..,..,..,..,20.7328639999999,..,..,..,..,21.3447099999999,..,..,..,..,21.796392,..,..,..,..,22.2517959999999,..,..,..,..,22.7105609999999,..,..,..,..,23.172318,..,..,..,..,23.636696,..,..,..,..,..
"Life expectancy at age 60, female (years)",SP.DYN.LE60.FE.IN,Armenia,ARM,..,..,19.650219,..,..,..,..,20.832124,..,..,..,..,21.632324,..,..,..,..,21.2776,..,..,..,..,21.179645,..,..,..,..,18.961715,..,..,..,..,19.093143,..,..,..,..,19.800231,..,..,..,..,20.417192,..,..,..,..,20.403323,..,..,..,..,20.670826,..,..,..,..,21.3840509999999,..,..,..,..,..
"Life expectancy at age 60, female (years)",SP.DYN.LE60.FE.IN,Aruba,ABW,..,..,17.664068,..,..,..,..,17.999886,..,..,..,..,18.768642,..,..,..,..,19.54524,..,..,..,..,19.999945,..,..,..,..,20.3535,..,..,..,..,20.472828,..,..,..,..,20.592851,..,..,..,..,20.707958,..,..,..,..,21.1389959999999,..,..,..,..,21.5670329999999,..,..,..,..,22.039978,..,..,..,..,..
"Life expectancy at age 60, female (years)",SP.DYN.LE60.FE.IN,Australia,AUS,..,..,19.608857,..,..,..,..,19.6237999999999,..,..,..,..,20.256968,..,..,..,..,21.435946,..,..,..,..,22.218875,..,..,..,..,22.717977,..,..,..,..,23.588408,..,..,..,..,24.3742759999999,..,..,..,..,25.285418,..,..,..,..,26.022776,..,..,..,..,26.5831769999999,..,..,..,..,27.1649409999999,..,..,..,..,..
"Life expectancy at age 60, female (years)",SP.DYN.LE60.FE.IN,Austria,AUT,..,..,18.786121,..,..,..,..,18.816084,..,..,..,..,19.3165179999999,..,..,..,..,19.931373,..,..,..,..,20.613638,..,..,..,..,21.5672679999999,..,..,..,..,22.4204289999999,..,..,..,..,23.296513,..,..,..,..,24.2275579999999,..,..,..,..,25.014589,..,..,..,..,25.539075,..,..,..,..,25.689501,..,..,..,..,..
"Life expectancy at age 60, female (years)",SP.DYN.LE60.FE.IN,Azerbaijan,AZE,..,..,18.661932,..,..,..,..,18.967641,..,..,..,..,19.289919,..,..,..,..,19.6240689999999,..,..,..,..,19.980163,..,..,..,..,20.365829,..,..,..,..,19.6203329999999,..,..,..,..,19.0828239999999,..,..,..,..,18.7563819999999,..,..,..,..,19.695394,..,..,..,..,19.892588,..,..,..,..,19.867892,..,..,..,..,..
"Life expectancy at age 60, female (years)",SP.DYN.LE60.FE.IN,"Bahamas, The",BHS,..,..,17.936934,..,..,..,..,18.14264,..,..,..,..,18.2128049999999,..,..,..,..,18.2670029999999,..,..,..,..,18.646193,..,..,..,..,19.7483259999999,..,..,..,..,21.832269,..,..,..,..,22.8608949999999,..,..,..,..,21.591828,..,..,..,..,20.501501,..,..,..,..,20.1223589999999,..,..,..,..,20.7066969999999,..,..,..,..,..
"Life expectancy at age 60, female (years)",SP.DYN.LE60.FE.IN,Bahrain,BHR,..,..,15.471041,..,..,..,..,15.946402,..,..,..,..,16.415198,..,..,..,..,16.8739309999999,..,..,..,..,17.320238,..,..,..,..,17.7531919999999,..,..,..,..,18.181957,..,..,..,..,18.6114609999999,..,..,..,..,19.0445619999999,..,..,..,..,19.484482,..,..,..,..,20.0166439999999,..,..,..,..,20.5659889999999,..,..,..,..,..
"Life expectancy at age 60, female (years)",SP.DYN.LE60.FE.IN,Bangladesh,BGD,..,..,12.408619,..,..,..,..,12.942873,..,..,..,..,13.501561,..,..,..,..,13.905745,..,..,..,..,14.2134459999999,..,..,..,..,14.820587,..,..,..,..,15.789448,..,..,..,..,17.847915,..,..,..,..,18.427968,..,..,..,..,19.1514589999999,..,..,..,..,19.9949289999999,..,..,..,..,20.7378469999999,..,..,..,..,..
"Life expectancy at age 60, female (years)",SP.DYN.LE60.FE.IN,Barbados,BRB,..,..,18.277397,..,..,..,..,18.720437,..,..,..,..,19.242148,..,..,..,..,19.951663,..,..,..,..,20.474008,..,..,..,..,21.1872879999999,..,..,..,..,22.217393,..,..,..,..,23.4217289999999,..,..,..,..,24.3105389999999,..,..,..,..,24.475216,..,..,..,..,24.6404579999999,..,..,..,..,24.791972,..,..,..,..,..
"Life expectancy at age 60, female (years)",SP.DYN.LE60.FE.IN,Belarus,BLR,..,..,18.5348299999999,..,..,..,..,18.951687,..,..,..,..,19.141036,..,..,..,..,19.4189119999999,..,..,..,..,19.5268079999999,..,..,..,..,20.4592549999999,..,..,..,..,19.839538,..,..,..,..,18.269283,..,..,..,..,18.4252989999999,..,..,..,..,19.4769669999999,..,..,..,..,21.502614,..,..,..,..,22.324674,..,..,..,..,..
"Life expectancy at age 60, female (years)",SP.DYN.LE60.FE.IN,Belgium,BEL,..,..,18.844382,..,..,..,..,19.018933,..,..,..,..,19.528039,..,..,..,..,20.338235,..,..,..,..,21.135351,..,..,..,..,22.10135,..,..,..,..,22.998961,..,..,..,..,23.6265919999999,..,..,..,..,24.144048,..,..,..,..,24.8796089999999,..,..,..,..,25.4059449999999,..,..,..,..,25.9250359999999,..,..,..,..,..
"Life expectancy at age 60, female (years)",SP.DYN.LE60.FE.IN,Belize,BLZ,..,..,17.225572,..,..,..,..,17.988813,..,..,..,..,18.832798,..,..,..,..,19.627925,..,..,..,..,19.933693,..,..,..,..,20.391328,..,..,..,..,20.585858,..,..,..,..,18.1533799999999,..,..,..,..,18.9463019999999,..,..,..,..,19.8218,..,..,..,..,21.923984,..,..,..,..,23.0421319999999,..,..,..,..,..
"Life expectancy at age 60, female (years)",SP.DYN.LE60.FE.IN,Benin,BEN,..,..,12.147594,..,..,..,..,14.173919,..,..,..,..,15.152786,..,..,..,..,15.8358659999999,..,..,..,..,16.208361,..,..,..,..,16.942736,..,..,..,..,17.392271,..,..,..,..,16.9792379999999,..,..,..,..,16.9573679999999,..,..,..,..,17.352145,..,..,..,..,17.5551479999999,..,..,..,..,17.7394129999999,..,..,..,..,..
"Life expectancy at age 60, female (years)",SP.DYN.LE60.FE.IN,Bermuda,BMU,..,..,..,..,..,..,..,..,..,..,..,..,..,..,..,..,..,..,..,..,..,..,..,..,..,..,..,..,..,..,..,..,..,..,..,..,..,..,..,..,..,..,..,..,..,..,..,..,..,..,..,..,..,..,..,..,..,..,..,..,..,..,..
"Life expectancy at age 60, female (years)",SP.DYN.LE60.FE.IN,Bhutan,BTN,..,..,12.470991,..,..,..,..,12.983622,..,..,..,..,13.542698,..,..,..,..,13.981104,..,..,..,..,14.604984,..,..,..,..,15.219929,..,..,..,..,15.9831319999999,..,..,..,..,16.872546,..,..,..,..,17.9104649999999,..,..,..,..,19.1153909999999,..,..,..,..,20.120647,..,..,..,..,20.7519829999999,..,..,..,..,..
"Life expectancy at age 60, female (years)",SP.DYN.LE60.FE.IN,Bolivia,BOL,..,..,13.9267,..,..,..,..,14.389692,..,..,..,..,14.9283199999999,..,..,..,..,15.5447019999999,..,..,..,..,16.235206,..,..,..,..,16.987086,..,..,..,..,17.7737289999999,..,..,..,..,18.5474649999999,..,..,..,..,19.460557,..,..,..,..,20.714148,..,..,..,..,21.995142,..,..,..,..,23.47746,..,..,..,..,..
"Life expectancy at age 60, female (years)",SP.DYN.LE60.FE.IN,Bosnia and Herzegovina,BIH,..,..,15.9695529999999,..,..,..,..,16.8150669999999,..,..,..,..,17.646782,..,..,..,..,18.6889059999999,..,..,..,..,18.796731,..,..,..,..,19.18905,..,..,..,..,19.1582119999999,..,..,..,..,19.876624,..,..,..,..,20.847845,..,..,..,..,21.253422,..,..,..,..,21.505123,..,..,..,..,22.04765,..,..,..,..,..
"Life expectancy at age 60, female (years)",SP.DYN.LE60.FE.IN,Botswana,BWA,..,..,15.2818539999999,..,..,..,..,15.494242,..,..,..,..,15.7036099999999,..,..,..,..,16.0559699999999,..,..,..,..,16.351939,..,..,..,..,16.673469,..,..,..,..,16.344859,..,..,..,..,16.871936,..,..,..,..,16.940494,..,..,..,..,17.042487,..,..,..,..,18.9311159999999,..,..,..,..,20.44572,..,..,..,..,..
"Life expectancy at age 60, female (years)",SP.DYN.LE60.FE.IN,Brazil,BRA,..,..,16.4355599999999,..,..,..,..,16.856845,..,..,..,..,17.1977699999999,..,..,..,..,17.5349949999999,..,..,..,..,17.992252,..,..,..,..,18.5054459999999,..,..,..,..,19.252357,..,..,..,..,20.4780529999999,..,..,..,..,21.365034,..,..,..,..,22.171924,..,..,..,..,23.056722,..,..,..,..,23.870013,..,..,..,..,..
"Life expectancy at age 60, female (years)",SP.DYN.LE60.FE.IN,British Virgin Islands,VGB,..,..,..,..,..,..,..,..,..,..,..,..,..,..,..,..,..,..,..,..,..,..,..,..,..,..,..,..,..,..,..,..,..,..,..,..,..,..,..,..,..,..,..,..,..,..,..,..,..,..,..,..,..,..,..,..,..,..,..,..,..,..,..
"Life expectancy at age 60, female (years)",SP.DYN.LE60.FE.IN,Brunei Darussalam,BRN,..,..,14.116865,..,..,..,..,14.8690079999999,..,..,..,..,15.596852,..,..,..,..,16.30331,..,..,..,..,17.0276959999999,..,..,..,..,17.682196,..,..,..,..,17.9674909999999,..,..,..,..,18.3380779999999,..,..,..,..,18.939263,..,..,..,..,19.8045739999999,..,..,..,..,20.4859319999999,..,..,..,..,21.135192,..,..,..,..,..
"Life expectancy at age 60, female (years)",SP.DYN.LE60.FE.IN,Bulgaria,BGR,..,..,18.707083,..,..,..,..,18.762834,..,..,..,..,18.6101959999999,..,..,..,..,18.6278159999999,..,..,..,..,18.8066169999999,..,..,..,..,19.0486159999999,..,..,..,..,19.30843,..,..,..,..,19.201149,..,..,..,..,19.860569,..,..,..,..,20.590806,..,..,..,..,21.345963,..,..,..,..,21.783542,..,..,..,..,..
"Life expectancy at age 60, female (years)",SP.DYN.LE60.FE.IN,Burkina Faso,BFA,..,..,12.141563,..,..,..,..,12.606698,..,..,..,..,13.135588,..,..,..,..,13.848649,..,..,..,..,15.018437,..,..,..,..,15.006969,..,..,..,..,14.776695,..,..,..,..,14.771271,..,..,..,..,14.861613,..,..,..,..,15.1808809999999,..,..,..,..,15.589615,..,..,..,..,15.9380019999999,..,..,..,..,..
"Life expectancy at age 60, female (years)",SP.DYN.LE60.FE.IN,Burundi,BDI,..,..,14.311442,..,..,..,..,14.619585,..,..,..,..,14.764016,..,..,..,..,14.587338,..,..,..,..,14.496639,..,..,..,..,14.406344,..,..,..,..,14.149516,..,..,..,..,14.104725,..,..,..,..,14.8598579999999,..,..,..,..,16.7479009999999,..,..,..,..,17.0603669999999,..,..,..,..,17.3359209999999,..,..,..,..,..
"Life expectancy at age 60, female (years)",SP.DYN.LE60.FE.IN,Cabo Verde,CPV,..,..,14.832413,..,..,..,..,15.1538039999999,..,..,..,..,15.497763,..,..,..,..,16.2648499999999,..,..,..,..,16.5915579999999,..,..,..,..,16.93821,..,..,..,..,17.307126,..,..,..,..,17.900917,..,..,..,..,19.089074,..,..,..,..,19.393122,..,..,..,..,19.696193,..,..,..,..,20.169248,..,..,..,..,..
"Life expectancy at age 60, female (years)",SP.DYN.LE60.FE.IN,Cambodia,KHM,..,..,14.061013,..,..,..,..,14.344085,..,..,..,..,13.947958,..,..,..,..,12.304147,..,..,..,..,14.701772,..,..,..,..,15.515802,..,..,..,..,15.754034,..,..,..,..,16.024162,..,..,..,..,16.7016719999999,..,..,..,..,17.6551219999999,..,..,..,..,17.692684,..,..,..,..,18.26517,..,..,..,..,..
"Life expectancy at age 60, female (years)",SP.DYN.LE60.FE.IN,Cameroon,CMR,..,..,14.641761,..,..,..,..,14.808234,..,..,..,..,15.043385,..,..,..,..,15.2873459999999,..,..,..,..,15.502541,..,..,..,..,15.749071,..,..,..,..,15.634713,..,..,..,..,15.478057,..,..,..,..,15.3833699999999,..,..,..,..,15.419677,..,..,..,..,15.580605,..,..,..,..,15.84233,..,..,..,..,..
"Life expectancy at age 60, female (years)",SP.DYN.LE60.FE.IN,Canada,CAN,..,..,20.265346,..,..,..,..,20.999827,..,..,..,..,21.600555,..,..,..,..,22.395495,..,..,..,..,23.052406,..,..,..,..,23.433662,..,..,..,..,23.878829,..,..,..,..,24.1320219999999,..,..,..,..,24.7559919999999,..,..,..,..,25.549057,..,..,..,..,26.196679,..,..,..,..,26.515691,..,..,..,..,..
"Life expectancy at age 60, female (years)",SP.DYN.LE60.FE.IN,Cayman Islands,CYM,..,..,..,..,..,..,..,..,..,..,..,..,..,..,..,..,..,..,..,..,..,..,..,..,..,..,..,..,..,..,..,..,..,..,..,..,..,..,..,..,..,..,..,..,..,..,..,..,..,..,..,..,..,..,..,..,..,..,..,..,..,..,..
"Life expectancy at age 60, female (years)",SP.DYN.LE60.FE.IN,Central African Republic,CAF,..,..,14.338748,..,..,..,..,14.504102,..,..,..,..,14.784265,..,..,..,..,15.113689,..,..,..,..,15.3088,..,..,..,..,15.280597,..,..,..,..,15.203421,..,..,..,..,15.111864,..,..,..,..,14.902741,..,..,..,..,14.790189,..,..,..,..,14.808617,..,..,..,..,15.515153,..,..,..,..,..
"Life expectancy at age 60, female (years)",SP.DYN.LE60.FE.IN,Chad,TCD,..,..,13.702457,..,..,..,..,13.891633,..,..,..,..,14.364844,..,..,..,..,14.5947669999999,..,..,..,..,14.907863,..,..,..,..,15.1850039999999,..,..,..,..,15.391809,..,..,..,..,15.629859,..,..,..,..,15.73296,..,..,..,..,15.9150209999999,..,..,..,..,16.224477,..,..,..,..,16.508984,..,..,..,..,..
"Life expectancy at age 60, female (years)",SP.DYN.LE60.FE.IN,Channel Islands,CHI,..,..,19.3475779999999,..,..,..,..,19.7371839999999,..,..,..,..,19.994108,..,..,..,..,20.425007,..,..,..,..,21.0806989999999,..,..,..,..,21.583292,..,..,..,..,22.2771839999999,..,..,..,..,23.619654,..,..,..,..,24.589741,..,..,..,..,25.6443529999999,..,..,..,..,26.195048,..,..,..,..,26.695394,..,..,..,..,..
"Life expectancy at age 60, female (years)",SP.DYN.LE60.FE.IN,Chile,CHL,..,..,17.5260369999999,..,..,..,..,17.575958,..,..,..,..,18.2769149999999,..,..,..,..,19.256017,..,..,..,..,20.1376139999999,..,..,..,..,20.974124,..,..,..,..,21.4971439999999,..,..,..,..,22.448895,..,..,..,..,23.339337,..,..,..,..,24.221924,..,..,..,..,25.053923,..,..,..,..,25.20971,..,..,..,..,..
"Life expectancy at age 60, female (years)",SP.DYN.LE60.FE.IN,China,CHN,..,..,12.132466,..,..,..,..,15.376344,..,..,..,..,16.19442,..,..,..,..,17.047616,..,..,..,..,17.782437,..,..,..,..,18.290389,..,..,..,..,18.76604,..,..,..,..,19.250366,..,..,..,..,19.4995359999999,..,..,..,..,20.032125,..,..,..,..,20.8775459999999,..,..,..,..,21.9533899999999,..,..,..,..,..
"Life expectancy at age 60, female (years)",SP.DYN.LE60.FE.IN,Colombia,COL,..,..,16.564193,..,..,..,..,17.137664,..,..,..,..,17.912106,..,..,..,..,18.470237,..,..,..,..,19.265929,..,..,..,..,20.078499,..,..,..,..,20.684199,..,..,..,..,21.510211,..,..,..,..,22.2780479999999,..,..,..,..,22.801552,..,..,..,..,23.398924,..,..,..,..,23.996406,..,..,..,..,..
"Life expectancy at age 60, female (years)",SP.DYN.LE60.FE.IN,Comoros,COM,..,..,13.8758269999999,..,..,..,..,14.218266,..,..,..,..,14.651214,..,..,..,..,14.989872,..,..,..,..,15.42169,..,..,..,..,15.841153,..,..,..,..,16.21369,..,..,..,..,16.436444,..,..,..,..,16.496624,..,..,..,..,16.7010499999999,..,..,..,..,17.017015,..,..,..,..,17.221426,..,..,..,..,..
"Life expectancy at age 60, female (years)",SP.DYN.LE60.FE.IN,"Congo, Dem. Rep.",COD,..,..,14.187841,..,..,..,..,14.464426,..,..,..,..,14.830563,..,..,..,..,15.009722,..,..,..,..,15.287163,..,..,..,..,15.486684,..,..,..,..,15.700825,..,..,..,..,15.596462,..,..,..,..,16.0563299999999,..,..,..,..,16.6693579999999,..,..,..,..,17.1398879999999,..,..,..,..,17.5560219999999,..,..,..,..,..
"Life expectancy at age 60, female (years)",SP.DYN.LE60.FE.IN,"Congo, Rep.",COG,..,..,14.865664,..,..,..,..,15.063219,..,..,..,..,15.224678,..,..,..,..,15.377508,..,..,..,..,15.47978,..,..,..,..,15.5486989999999,..,..,..,..,15.401133,..,..,..,..,15.2468109999999,..,..,..,..,15.37554,..,..,..,..,15.733123,..,..,..,..,16.192602,..,..,..,..,17.1610319999999,..,..,..,..,..
"Life expectancy at age 60, female (years)",SP.DYN.LE60.FE.IN,Costa Rica,CRI,..,..,17.703177,..,..,..,..,18.299256,..,..,..,..,18.910014,..,..,..,..,19.9593139999999,..,..,..,..,21.523323,..,..,..,..,22.407153,..,..,..,..,22.831757,..,..,..,..,23.2859109999999,..,..,..,..,23.773814,..,..,..,..,24.291136,..,..,..,..,24.976738,..,..,..,..,25.650648,..,..,..,..,..
"Life expectancy at age 60, female (years)",SP.DYN.LE60.FE.IN,Cote d'Ivoire,CIV,..,..,14.465579,..,..,..,..,14.569919,..,..,..,..,14.940706,..,..,..,..,15.258404,..,..,..,..,15.544149,..,..,..,..,15.812996,..,..,..,..,15.790618,..,..,..,..,15.467363,..,..,..,..,15.101449,..,..,..,..,14.776852,..,..,..,..,14.975229,..,..,..,..,15.329904,..,..,..,..,..
"Life expectancy at age 60, female (years)",SP.DYN.LE60.FE.IN,Croatia,HRV,..,..,16.884746,..,..,..,..,17.699992,..,..,..,..,18.493621,..,..,..,..,19.153731,..,..,..,..,19.242301,..,..,..,..,19.5715749999999,..,..,..,..,20.105972,..,..,..,..,21.044781,..,..,..,..,21.2647459999999,..,..,..,..,22.1613189999999,..,..,..,..,23.007538,..,..,..,..,23.482963,..,..,..,..,..
"Life expectancy at age 60, female (years)",SP.DYN.LE60.FE.IN,Cuba,CUB,..,..,18.128829,..,..,..,..,19.0676929999999,..,..,..,..,20.056932,..,..,..,..,21.0559569999999,..,..,..,..,21.462755,..,..,..,..,21.604603,..,..,..,..,21.5953319999999,..,..,..,..,22.274711,..,..,..,..,22.707667,..,..,..,..,23.427218,..,..,..,..,23.6116129999999,..,..,..,..,23.7665019999999,..,..,..,..,..
"Life expectancy at age 60, female (years)",SP.DYN.LE60.FE.IN,Curacao,CUW,..,..,17.9279499999999,..,..,..,..,18.360457,..,..,..,..,18.9387149999999,..,..,..,..,20.060119,..,..,..,..,21.0506409999999,..,..,..,..,21.762149,..,..,..,..,21.6555469999999,..,..,..,..,21.983096,..,..,..,..,22.579449,..,..,..,..,23.100998,..,..,..,..,24.038233,..,..,..,..,24.566699,..,..,..,..,..
"Life expectancy at age 60, female (years)",SP.DYN.LE60.FE.IN,Cyprus,CYP,..,..,19.2706899999999,..,..,..,..,19.652189,..,..,..,..,20.0434139999999,..,..,..,..,20.436356,..,..,..,..,20.832898,..,..,..,..,21.2340249999999,..,..,..,..,21.639665,..,..,..,..,22.047097,..,..,..,..,22.459962,..,..,..,..,22.877521,..,..,..,..,23.769434,..,..,..,..,24.3267449999999,..,..,..,..,..
"Life expectancy at age 60, female (years)",SP.DYN.LE60.FE.IN,Czechia,CZE,..,..,18.2823889999999,..,..,..,..,18.338996,..,..,..,..,18.305651,..,..,..,..,18.5626299999999,..,..,..,..,18.478465,..,..,..,..,18.9286759999999,..,..,..,..,19.761073,..,..,..,..,20.7005009999999,..,..,..,..,21.523838,..,..,..,..,22.5458439999999,..,..,..,..,23.342618,..,..,..,..,23.836561,..,..,..,..,..
"Life expectancy at age 60, female (years)",SP.DYN.LE60.FE.IN,Denmark,DNK,..,..,19.3111619999999,..,..,..,..,19.913592,..,..,..,..,20.838825,..,..,..,..,21.377949,..,..,..,..,21.5888549999999,..,..,..,..,21.7186589999999,..,..,..,..,21.539902,..,..,..,..,21.809576,..,..,..,..,22.542088,..,..,..,..,23.3730629999999,..,..,..,..,24.4280909999999,..,..,..,..,24.812611,..,..,..,..,..
"Life expectancy at age 60, female (years)",SP.DYN.LE60.FE.IN,Djibouti,DJI,..,..,14.903529,..,..,..,..,15.313919,..,..,..,..,15.9242019999999,..,..,..,..,16.190178,..,..,..,..,16.550452,..,..,..,..,16.802676,..,..,..,..,17.0423779999999,..,..,..,..,17.212776,..,..,..,..,17.373237,..,..,..,..,17.647434,..,..,..,..,18.081443,..,..,..,..,18.794371,..,..,..,..,..
"Life expectancy at age 60, female (years)",SP.DYN.LE60.FE.IN,Dominica,DMA,..,..,..,..,..,..,..,..,..,..,..,..,..,..,..,..,..,..,..,..,..,..,..,..,..,..,..,..,..,..,..,..,..,..,..,..,..,..,..,..,..,..,..,..,..,..,..,..,..,..,..,..,..,..,..,..,..,..,..,..,..,..,..
"Life expectancy at age 60, female (years)",SP.DYN.LE60.FE.IN,Dominican Republic,DOM,..,..,15.865975,..,..,..,..,16.352611,..,..,..,..,16.869921,..,..,..,..,17.42104,..,..,..,..,18.010123,..,..,..,..,18.641257,..,..,..,..,19.3185849999999,..,..,..,..,20.046686,..,..,..,..,20.8305289999999,..,..,..,..,21.676053,..,..,..,..,22.589143,..,..,..,..,23.577373,..,..,..,..,..
"Life expectancy at age 60, female (years)",SP.DYN.LE60.FE.IN,Ecuador,ECU,..,..,16.8144129999999,..,..,..,..,17.228276,..,..,..,..,17.745951,..,..,..,..,18.383875,..,..,..,..,19.1094329999999,..,..,..,..,20.0104049999999,..,..,..,..,21.078188,..,..,..,..,22.319025,..,..,..,..,23.159146,..,..,..,..,23.515516,..,..,..,..,23.7741469999999,..,..,..,..,24.399542,..,..,..,..,..
"Life expectancy at age 60, female (years)",SP.DYN.LE60.FE.IN,"Egypt, Arab Rep.",EGY,..,..,17.5833459999999,..,..,..,..,17.815873,..,..,..,..,17.943055,..,..,..,..,18.068362,..,..,..,..,18.211255,..,..,..,..,18.2235599999999,..,..,..,..,18.337346,..,..,..,..,18.395543,..,..,..,..,18.393846,..,..,..,..,18.3939069999999,..,..,..,..,18.394843,..,..,..,..,18.8053349999999,..,..,..,..,..
"Life expectancy at age 60, female (years)",SP.DYN.LE60.FE.IN,El Salvador,SLV,..,..,15.975146,..,..,..,..,16.379483,..,..,..,..,16.9799329999999,..,..,..,..,17.9103059999999,..,..,..,..,18.593608,..,..,..,..,19.1504,..,..,..,..,19.514854,..,..,..,..,19.926687,..,..,..,..,20.718442,..,..,..,..,21.351856,..,..,..,..,22.028865,..,..,..,..,22.749825,..,..,..,..,..
"Life expectancy at age 60, female (years)",SP.DYN.LE60.FE.IN,Equatorial Guinea,GNQ,..,..,14.330674,..,..,..,..,14.413247,..,..,..,..,14.509653,..,..,..,..,14.615446,..,..,..,..,14.902336,..,..,..,..,15.070193,..,..,..,..,15.333034,..,..,..,..,15.632932,..,..,..,..,15.754498,..,..,..,..,15.613322,..,..,..,..,15.6130429999999,..,..,..,..,15.915379,..,..,..,..,..
"Life expectancy at age 60, female (years)",SP.DYN.LE60.FE.IN,Eritrea,ERI,..,..,13.908595,..,..,..,..,14.3291489999999,..,..,..,..,14.536198,..,..,..,..,14.747411,..,..,..,..,14.885453,..,..,..,..,15.025501,..,..,..,..,15.263085,..,..,..,..,15.5077409999999,..,..,..,..,15.7596969999999,..,..,..,..,16.226651,..,..,..,..,16.937759,..,..,..,..,17.356265,..,..,..,..,..
"Life expectancy at age 60, female (years)",SP.DYN.LE60.FE.IN,Estonia,EST,..,..,19.31377,..,..,..,..,19.477398,..,..,..,..,19.7235119999999,..,..,..,..,19.5193119999999,..,..,..,..,19.6024069999999,..,..,..,..,19.626541,..,..,..,..,19.565176,..,..,..,..,20.368181,..,..,..,..,21.455072,..,..,..,..,22.609387,..,..,..,..,24.022663,..,..,..,..,24.831358,..,..,..,..,..
"Life expectancy at age 60, female (years)",SP.DYN.LE60.FE.IN,Eswatini,SWZ,..,..,14.7067169999999,..,..,..,..,14.8445529999999,..,..,..,..,15.109897,..,..,..,..,15.4316739999999,..,..,..,..,15.905234,..,..,..,..,16.4708809999999,..,..,..,..,16.808142,..,..,..,..,16.726758,..,..,..,..,17.2710849999999,..,..,..,..,17.55818,..,..,..,..,18.314943,..,..,..,..,18.543682,..,..,..,..,..
"Life expectancy at age 60, female (years)",SP.DYN.LE60.FE.IN,Ethiopia,ETH,..,..,13.908661,..,..,..,..,14.329461,..,..,..,..,14.609579,..,..,..,..,14.7741589999999,..,..,..,..,14.594878,..,..,..,..,15.1498279999999,..,..,..,..,15.563883,..,..,..,..,16.158327,..,..,..,..,16.864742,..,..,..,..,17.8373759999999,..,..,..,..,18.5418939999999,..,..,..,..,18.847546,..,..,..,..,..
"Life expectancy at age 60, female (years)",SP.DYN.LE60.FE.IN,Faroe Islands,FRO,..,..,..,..,..,..,..,..,..,..,..,..,..,..,..,..,..,..,..,..,..,..,..,..,..,..,..,..,..,..,..,..,..,..,..,..,..,..,..,..,..,..,..,..,..,..,..,..,..,..,..,..,..,..,..,..,..,..,..,..,..,..,..
"Life expectancy at age 60, female (years)",SP.DYN.LE60.FE.IN,Fiji,FJI,..,..,14.599527,..,..,..,..,14.870047,..,..,..,..,15.147879,..,..,..,..,15.418072,..,..,..,..,15.6894209999999,..,..,..,..,15.631766,..,..,..,..,15.1140539999999,..,..,..,..,15.588621,..,..,..,..,16.276071,..,..,..,..,16.503463,..,..,..,..,16.608148,..,..,..,..,16.743803,..,..,..,..,..
"Life expectancy at age 60, female (years)",SP.DYN.LE60.FE.IN,Finland,FIN,..,..,17.587554,..,..,..,..,17.9842669999999,..,..,..,..,19.118742,..,..,..,..,20.474081,..,..,..,..,21.355858,..,..,..,..,21.714431,..,..,..,..,22.3966169999999,..,..,..,..,23.330366,..,..,..,..,24.265487,..,..,..,..,25.327269,..,..,..,..,25.752721,..,..,..,..,26.442039,..,..,..,..,..
"Life expectancy at age 60, female (years)",SP.DYN.LE60.FE.IN,France,FRA,..,..,19.853005,..,..,..,..,20.391836,..,..,..,..,21.035069,..,..,..,..,21.941378,..,..,..,..,22.660473,..,..,..,..,23.6748259999999,..,..,..,..,24.659257,..,..,..,..,25.2208949999999,..,..,..,..,25.913889,..,..,..,..,26.810628,..,..,..,..,27.3664689999999,..,..,..,..,27.630019,..,..,..,..,..
"Life expectancy at age 60, female (years)",SP.DYN.LE60.FE.IN,French Polynesia,PYF,..,..,14.760019,..,..,..,..,15.384978,..,..,..,..,15.85318,..,..,..,..,16.283289,..,..,..,..,17.364512,..,..,..,..,17.679217,..,..,..,..,18.0064449999999,..,..,..,..,19.144653,..,..,..,..,20.094342,..,..,..,..,20.932496,..,..,..,..,21.70026,..,..,..,..,22.394708,..,..,..,..,..
"Life expectancy at age 60, female (years)",SP.DYN.LE60.FE.IN,Gabon,GAB,..,..,14.508368,..,..,..,..,14.815968,..,..,..,..,15.169523,..,..,..,..,15.59759,..,..,..,..,16.148688,..,..,..,..,16.7008629999999,..,..,..,..,16.590436,..,..,..,..,16.1609319999999,..,..,..,..,15.82837,..,..,..,..,16.061568,..,..,..,..,17.059526,..,..,..,..,18.0356759999999,..,..,..,..,..
"Life expectancy at age 60, female (years)",SP.DYN.LE60.FE.IN,"Gambia, The",GMB,..,..,11.1935319999999,..,..,..,..,11.572708,..,..,..,..,12.5717099999999,..,..,..,..,13.507144,..,..,..,..,14.299241,..,..,..,..,14.8856889999999,..,..,..,..,14.96399,..,..,..,..,15.149417,..,..,..,..,15.319925,..,..,..,..,15.6182149999999,..,..,..,..,15.862973,..,..,..,..,16.078569,..,..,..,..,..
"Life expectancy at age 60, female (years)",SP.DYN.LE60.FE.IN,Georgia,GEO,..,..,17.644573,..,..,..,..,18.5002479999999,..,..,..,..,19.086029,..,..,..,..,19.9306909999999,..,..,..,..,19.7638409999999,..,..,..,..,20.1734,..,..,..,..,20.110417,..,..,..,..,19.3143789999999,..,..,..,..,19.2977409999999,..,..,..,..,20.032798,..,..,..,..,20.582798,..,..,..,..,21.26408,..,..,..,..,..
"Life expectancy at age 60, female (years)",SP.DYN.LE60.FE.IN,Germany,DEU,..,..,18.541857,..,..,..,..,18.723779,..,..,..,..,19.110516,..,..,..,..,19.814229,..,..,..,..,20.5450589999999,..,..,..,..,21.349335,..,..,..,..,22.213411,..,..,..,..,23.1255419999999,..,..,..,..,24.016041,..,..,..,..,24.688019,..,..,..,..,25.0856299999999,..,..,..,..,25.635794,..,..,..,..,..
"Life expectancy at age 60, female (years)",SP.DYN.LE60.FE.IN,Ghana,GHA,..,..,13.804693,..,..,..,..,14.103402,..,..,..,..,14.4461359999999,..,..,..,..,14.70875,..,..,..,..,14.9460669999999,..,..,..,..,15.318972,..,..,..,..,15.80062,..,..,..,..,15.19668,..,..,..,..,15.139905,..,..,..,..,15.782247,..,..,..,..,16.061952,..,..,..,..,16.347206,..,..,..,..,..
"Life expectancy at age 60, female (years)",SP.DYN.LE60.FE.IN,Gibraltar,GIB,..,..,..,..,..,..,..,..,..,..,..,..,..,..,..,..,..,..,..,..,..,..,..,..,..,..,..,..,..,..,..,..,..,..,..,..,..,..,..,..,..,..,..,..,..,..,..,..,..,..,..,..,..,..,..,..,..,..,..,..,..,..,..
"Life expectancy at age 60, female (years)",SP.DYN.LE60.FE.IN,Greece,GRC,..,..,18.498055,..,..,..,..,18.88783,..,..,..,..,19.8573169999999,..,..,..,..,20.5391769999999,..,..,..,..,21.742619,..,..,..,..,22.394438,..,..,..,..,22.690059,..,..,..,..,23.3190719999999,..,..,..,..,24.066845,..,..,..,..,24.876223,..,..,..,..,25.637402,..,..,..,..,26.3817729999999,..,..,..,..,..
"Life expectancy at age 60, female (years)",SP.DYN.LE60.FE.IN,Greenland,GRL,..,..,..,..,..,..,..,..,..,..,..,..,..,..,..,..,..,..,..,..,..,..,..,..,..,..,..,..,..,..,..,..,..,..,..,..,..,..,..,..,..,..,..,..,..,..,..,..,..,..,..,..,..,..,..,..,..,..,..,..,..,..,..
"Life expectancy at age 60, female (years)",SP.DYN.LE60.FE.IN,Grenada,GRD,..,..,16.8734199999999,..,..,..,..,17.2371009999999,..,..,..,..,17.5831069999999,..,..,..,..,18.0447799999999,..,..,..,..,18.602653,..,..,..,..,18.944391,..,..,..,..,19.495442,..,..,..,..,20.139963,..,..,..,..,20.5204039999999,..,..,..,..,20.624147,..,..,..,..,20.402943,..,..,..,..,20.240551,..,..,..,..,..
"Life expectancy at age 60, female (years)",SP.DYN.LE60.FE.IN,Guam,GUM,..,..,17.0468319999999,..,..,..,..,17.4447779999999,..,..,..,..,17.842445,..,..,..,..,18.269459,..,..,..,..,18.71853,..,..,..,..,19.324307,..,..,..,..,19.900969,..,..,..,..,20.835291,..,..,..,..,22.081289,..,..,..,..,23.359586,..,..,..,..,24.458707,..,..,..,..,25.58659,..,..,..,..,..
"Life expectancy at age 60, female (years)",SP.DYN.LE60.FE.IN,Guatemala,GTM,..,..,15.658923,..,..,..,..,16.212729,..,..,..,..,16.6911869999999,..,..,..,..,16.902141,..,..,..,..,17.259349,..,..,..,..,17.89607,..,..,..,..,18.6271549999999,..,..,..,..,19.78519,..,..,..,..,20.837268,..,..,..,..,21.522834,..,..,..,..,22.564238,..,..,..,..,23.049289,..,..,..,..,..
"Life expectancy at age 60, female (years)",SP.DYN.LE60.FE.IN,Guinea,GIN,..,..,11.8556899999999,..,..,..,..,12.084936,..,..,..,..,12.448112,..,..,..,..,12.994141,..,..,..,..,13.7836079999999,..,..,..,..,15.063045,..,..,..,..,15.634644,..,..,..,..,14.933565,..,..,..,..,14.244961,..,..,..,..,15.106413,..,..,..,..,15.345864,..,..,..,..,15.8113069999999,..,..,..,..,..
"Life expectancy at age 60, female (years)",SP.DYN.LE60.FE.IN,Guinea-Bissau,GNB,..,..,14.420059,..,..,..,..,14.533747,..,..,..,..,14.666308,..,..,..,..,14.8152019999999,..,..,..,..,14.9872359999999,..,..,..,..,15.1823999999999,..,..,..,..,15.4318919999999,..,..,..,..,15.505086,..,..,..,..,15.6153239999999,..,..,..,..,15.5403129999999,..,..,..,..,15.577178,..,..,..,..,15.639912,..,..,..,..,..
"Life expectancy at age 60, female (years)",SP.DYN.LE60.FE.IN,Guyana,GUY,..,..,16.9216349999999,..,..,..,..,16.898174,..,..,..,..,16.392084,..,..,..,..,16.3445469999999,..,..,..,..,16.297003,..,..,..,..,16.5790469999999,..,..,..,..,16.583054,..,..,..,..,16.587045,..,..,..,..,18.80845,..,..,..,..,20.372443,..,..,..,..,22.1547389999999,..,..,..,..,22.239093,..,..,..,..,..
"Life expectancy at age 60, female (years)",SP.DYN.LE60.FE.IN,Haiti,HTI,..,..,14.174785,..,..,..,..,14.306679,..,..,..,..,14.4642599999999,..,..,..,..,15.1944599999999,..,..,..,..,15.667662,..,..,..,..,15.989789,..,..,..,..,16.349239,..,..,..,..,16.710073,..,..,..,..,16.842845,..,..,..,..,17.71847,..,..,..,..,18.665533,..,..,..,..,19.6223029999999,..,..,..,..,..
"Life expectancy at age 60, female (years)",SP.DYN.LE60.FE.IN,Honduras,HND,..,..,15.382509,..,..,..,..,16.24531,..,..,..,..,17.126064,..,..,..,..,17.9685139999999,..,..,..,..,18.9461429999999,..,..,..,..,19.983318,..,..,..,..,20.813389,..,..,..,..,21.754549,..,..,..,..,22.29718,..,..,..,..,22.9063699999999,..,..,..,..,23.406604,..,..,..,..,23.901046,..,..,..,..,..
"Life expectancy at age 60, female (years)",SP.DYN.LE60.FE.IN,"Hong Kong SAR, China",HKG,..,..,19.484183,..,..,..,..,20.2357119999999,..,..,..,..,21.023298,..,..,..,..,21.164902,..,..,..,..,22.107226,..,..,..,..,22.684778,..,..,..,..,23.4888569999999,..,..,..,..,25.0875969999999,..,..,..,..,26.389524,..,..,..,..,27.298846,..,..,..,..,28.132487,..,..,..,..,29.095416,..,..,..,..,..
"Life expectancy at age 60, female (years)",SP.DYN.LE60.FE.IN,Hungary,HUN,..,..,18.016618,..,..,..,..,18.294566,..,..,..,..,18.4944209999999,..,..,..,..,18.531883,..,..,..,..,18.530104,..,..,..,..,18.9445809999999,..,..,..,..,19.3682039999999,..,..,..,..,19.982365,..,..,..,..,20.86103,..,..,..,..,21.55017,..,..,..,..,22.012395,..,..,..,..,22.857893,..,..,..,..,..
"Life expectancy at age 60, female (years)",SP.DYN.LE60.FE.IN,Iceland,ISL,..,..,20.793675,..,..,..,..,20.714737,..,..,..,..,21.5278309999999,..,..,..,..,22.9971539999999,..,..,..,..,22.832144,..,..,..,..,23.11577,..,..,..,..,23.595333,..,..,..,..,23.7810619999999,..,..,..,..,24.8247609999999,..,..,..,..,25.0307,..,..,..,..,25.393546,..,..,..,..,25.7794309999999,..,..,..,..,..
"Life expectancy at age 60, female (years)",SP.DYN.LE60.FE.IN,India,IND,..,..,13.468752,..,..,..,..,14.0037249999999,..,..,..,..,14.636544,..,..,..,..,15.276653,..,..,..,..,15.394823,..,..,..,..,15.453252,..,..,..,..,16.259067,..,..,..,..,17.0229609999999,..,..,..,..,17.328486,..,..,..,..,17.6063149999999,..,..,..,..,18.239445,..,..,..,..,18.615476,..,..,..,..,..
"Life expectancy at age 60, female (years)",SP.DYN.LE60.FE.IN,Indonesia,IDN,..,..,13.6352709999999,..,..,..,..,14.0043209999999,..,..,..,..,14.365436,..,..,..,..,14.718534,..,..,..,..,15.060642,..,..,..,..,15.400479,..,..,..,..,15.730923,..,..,..,..,16.130509,..,..,..,..,16.9749139999999,..,..,..,..,18.147749,..,..,..,..,19.069633,..,..,..,..,19.6969959999999,..,..,..,..,..
"Life expectancy at age 60, female (years)",SP.DYN.LE60.FE.IN,"Iran, Islamic Rep.",IRN,..,..,13.796809,..,..,..,..,14.187761,..,..,..,..,14.625086,..,..,..,..,15.031794,..,..,..,..,15.649711,..,..,..,..,16.414897,..,..,..,..,16.986363,..,..,..,..,17.611713,..,..,..,..,18.493039,..,..,..,..,19.4785259999999,..,..,..,..,19.721278,..,..,..,..,20.373709,..,..,..,..,..
"Life expectancy at age 60, female (years)",SP.DYN.LE60.FE.IN,Iraq,IRQ,..,..,14.851953,..,..,..,..,15.574723,..,..,..,..,16.08867,..,..,..,..,16.4136829999999,..,..,..,..,17.2023739999999,..,..,..,..,17.854939,..,..,..,..,18.643601,..,..,..,..,19.1724469999999,..,..,..,..,18.643601,..,..,..,..,18.643601,..,..,..,..,18.643601,..,..,..,..,18.8059119999999,..,..,..,..,..
"Life expectancy at age 60, female (years)",SP.DYN.LE60.FE.IN,Ireland,IRL,..,..,18.3425559999999,..,..,..,..,18.583027,..,..,..,..,18.855034,..,..,..,..,19.274826,..,..,..,..,19.944292,..,..,..,..,20.4584529999999,..,..,..,..,21.2029889999999,..,..,..,..,21.700657,..,..,..,..,23.044193,..,..,..,..,24.3408939999999,..,..,..,..,24.730612,..,..,..,..,25.7053249999999,..,..,..,..,..
"Life expectancy at age 60, female (years)",SP.DYN.LE60.FE.IN,Isle of Man,IMN,..,..,..,..,..,..,..,..,..,..,..,..,..,..,..,..,..,..,..,..,..,..,..,..,..,..,..,..,..,..,..,..,..,..,..,..,..,..,..,..,..,..,..,..,..,..,..,..,..,..,..,..,..,..,..,..,..,..,..,..,..,..,..
"Life expectancy at age 60, female (years)",SP.DYN.LE60.FE.IN,Israel,ISR,..,..,18.508638,..,..,..,..,18.7753349999999,..,..,..,..,19.1024829999999,..,..,..,..,19.581692,..,..,..,..,20.229744,..,..,..,..,21.186858,..,..,..,..,22.0694489999999,..,..,..,..,22.902242,..,..,..,..,23.9613179999999,..,..,..,..,24.869446,..,..,..,..,25.563141,..,..,..,..,25.9897899999999,..,..,..,..,..
"Life expectancy at age 60, female (years)",SP.DYN.LE60.FE.IN,Italy,ITA,..,..,19.1864069999999,..,..,..,..,19.633513,..,..,..,..,20.299233,..,..,..,..,20.911556,..,..,..,..,21.620301,..,..,..,..,22.649943,..,..,..,..,23.557364,..,..,..,..,24.3810329999999,..,..,..,..,25.2742669999999,..,..,..,..,26.000139,..,..,..,..,26.464258,..,..,..,..,26.9991419999999,..,..,..,..,..
"Life expectancy at age 60, female (years)",SP.DYN.LE60.FE.IN,Jamaica,JAM,..,..,18.524367,..,..,..,..,18.659922,..,..,..,..,18.7939669999999,..,..,..,..,18.872907,..,..,..,..,18.8881489999999,..,..,..,..,19.1488799999999,..,..,..,..,20.21205,..,..,..,..,21.109207,..,..,..,..,20.5587899999999,..,..,..,..,20.314986,..,..,..,..,20.4262389999999,..,..,..,..,20.609,..,..,..,..,..
"Life expectancy at age 60, female (years)",SP.DYN.LE60.FE.IN,Japan,JPN,..,..,18.193061,..,..,..,..,19.07006,..,..,..,..,20.091944,..,..,..,..,21.369996,..,..,..,..,22.627862,..,..,..,..,23.924191,..,..,..,..,24.842652,..,..,..,..,26.057032,..,..,..,..,27.329584,..,..,..,..,28.038665,..,..,..,..,28.413893,..,..,..,..,29.2102739999999,..,..,..,..,..
"Life expectancy at age 60, female (years)",SP.DYN.LE60.FE.IN,Jordan,JOR,..,..,15.7588259999999,..,..,..,..,16.2839199999999,..,..,..,..,16.913094,..,..,..,..,17.4781359999999,..,..,..,..,17.875985,..,..,..,..,18.2633499999999,..,..,..,..,18.629567,..,..,..,..,18.8957249999999,..,..,..,..,19.308019,..,..,..,..,19.703676,..,..,..,..,20.189208,..,..,..,..,20.420756,..,..,..,..,..
"Life expectancy at age 60, female (years)",SP.DYN.LE60.FE.IN,Kazakhstan,KAZ,..,..,18.597894,..,..,..,..,19.234895,..,..,..,..,19.569116,..,..,..,..,19.675512,..,..,..,..,20.054727,..,..,..,..,20.3483419999999,..,..,..,..,19.260449,..,..,..,..,17.992806,..,..,..,..,18.1760039999999,..,..,..,..,18.734665,..,..,..,..,19.1815469999999,..,..,..,..,21.3868359999999,..,..,..,..,..
"Life expectancy at age 60, female (years)",SP.DYN.LE60.FE.IN,Kenya,KEN,..,..,15.1519809999999,..,..,..,..,15.42277,..,..,..,..,15.766902,..,..,..,..,16.119145,..,..,..,..,16.5447799999999,..,..,..,..,16.6011239999999,..,..,..,..,16.156924,..,..,..,..,15.622916,..,..,..,..,15.369225,..,..,..,..,16.032703,..,..,..,..,17.229493,..,..,..,..,18.6354359999999,..,..,..,..,..
"Life expectancy at age 60, female (years)",SP.DYN.LE60.FE.IN,Kiribati,KIR,..,..,11.7405589999999,..,..,..,..,11.8847299999999,..,..,..,..,12.080038,..,..,..,..,13.803514,..,..,..,..,15.699018,..,..,..,..,16.261301,..,..,..,..,16.342644,..,..,..,..,16.652764,..,..,..,..,17.605198,..,..,..,..,19.331313,..,..,..,..,20.959598,..,..,..,..,21.5478069999999,..,..,..,..,..
"Life expectancy at age 60, female (years)",SP.DYN.LE60.FE.IN,"Korea, Dem. People's Rep.",PRK,..,..,14.8014519999999,..,..,..,..,15.7569959999999,..,..,..,..,16.766241,..,..,..,..,17.6263669999999,..,..,..,..,18.2144839999999,..,..,..,..,18.7052149999999,..,..,..,..,20.467343,..,..,..,..,18.3692369999999,..,..,..,..,18.749687,..,..,..,..,18.850076,..,..,..,..,19.921866,..,..,..,..,20.58041,..,..,..,..,..
"Life expectancy at age 60, female (years)",SP.DYN.LE60.FE.IN,"Korea, Rep.",KOR,..,..,15.1099029999999,..,..,..,..,15.699843,..,..,..,..,18.602502,..,..,..,..,19.018857,..,..,..,..,19.495149,..,..,..,..,20.1772519999999,..,..,..,..,21.237385,..,..,..,..,22.068959,..,..,..,..,23.139261,..,..,..,..,24.9143019999999,..,..,..,..,26.359,..,..,..,..,27.273779,..,..,..,..,..
"Life expectancy at age 60, female (years)",SP.DYN.LE60.FE.IN,Kosovo,XKX,..,..,..,..,..,..,..,..,..,..,..,..,..,..,..,..,..,..,..,..,..,..,..,..,..,..,..,..,..,..,..,..,..,..,..,..,..,..,..,..,..,..,..,..,..,..,..,..,..,..,..,..,..,..,..,..,..,..,..,..,..,..,..
"Life expectancy at age 60, female (years)",SP.DYN.LE60.FE.IN,Kuwait,KWT,..,..,16.2370139999999,..,..,..,..,16.3884,..,..,..,..,16.530379,..,..,..,..,16.662489,..,..,..,..,16.790081,..,..,..,..,16.9204019999999,..,..,..,..,17.0568589999999,..,..,..,..,17.203341,..,..,..,..,17.361003,..,..,..,..,17.5244989999999,..,..,..,..,18.037233,..,..,..,..,18.263119,..,..,..,..,..
"Life expectancy at age 60, female (years)",SP.DYN.LE60.FE.IN,Kyrgyz Republic,KGZ,..,..,18.238883,..,..,..,..,18.853552,..,..,..,..,19.239252,..,..,..,..,19.324152,..,..,..,..,19.660674,..,..,..,..,20.0317,..,..,..,..,19.802555,..,..,..,..,18.672611,..,..,..,..,18.6675569999999,..,..,..,..,18.3964229999999,..,..,..,..,19.600272,..,..,..,..,19.7789119999999,..,..,..,..,..
"Life expectancy at age 60, female (years)",SP.DYN.LE60.FE.IN,Lao PDR,LAO,..,..,14.158849,..,..,..,..,14.389264,..,..,..,..,14.6288009999999,..,..,..,..,14.827935,..,..,..,..,15.0412269999999,..,..,..,..,15.37331,..,..,..,..,15.727414,..,..,..,..,16.1753439999999,..,..,..,..,16.625433,..,..,..,..,17.0703919999999,..,..,..,..,17.481057,..,..,..,..,17.84483,..,..,..,..,..
"Life expectancy at age 60, female (years)",SP.DYN.LE60.FE.IN,Latvia,LVA,..,..,19.8174509999999,..,..,..,..,19.905567,..,..,..,..,19.8610809999999,..,..,..,..,19.6201049999999,..,..,..,..,19.7923839999999,..,..,..,..,19.746572,..,..,..,..,19.690895,..,..,..,..,20.288784,..,..,..,..,20.943888,..,..,..,..,21.4120409999999,..,..,..,..,22.716086,..,..,..,..,23.460905,..,..,..,..,..
"Life expectancy at age 60, female (years)",SP.DYN.LE60.FE.IN,Lebanon,LBN,..,..,17.233304,..,..,..,..,17.4606959999999,..,..,..,..,17.7107889999999,..,..,..,..,17.881748,..,..,..,..,18.0324969999999,..,..,..,..,18.350092,..,..,..,..,18.740872,..,..,..,..,19.7885519999999,..,..,..,..,21.35537,..,..,..,..,22.951364,..,..,..,..,23.586313,..,..,..,..,23.697509,..,..,..,..,..
"Life expectancy at age 60, female (years)",SP.DYN.LE60.FE.IN,Lesotho,LSO,..,..,15.6944029999999,..,..,..,..,15.938046,..,..,..,..,16.222434,..,..,..,..,16.647597,..,..,..,..,17.067927,..,..,..,..,17.301707,..,..,..,..,17.0099279999999,..,..,..,..,16.385763,..,..,..,..,16.575495,..,..,..,..,16.732056,..,..,..,..,16.619875,..,..,..,..,16.9011439999999,..,..,..,..,..
"Life expectancy at age 60, female (years)",SP.DYN.LE60.FE.IN,Liberia,LBR,..,..,14.268971,..,..,..,..,14.3819339999999,..,..,..,..,14.58451,..,..,..,..,15.030419,..,..,..,..,15.3976349999999,..,..,..,..,15.730427,..,..,..,..,15.93692,..,..,..,..,16.266604,..,..,..,..,15.564709,..,..,..,..,16.2633569999999,..,..,..,..,16.527034,..,..,..,..,17.4265849999999,..,..,..,..,..
"Life expectancy at age 60, female (years)",SP.DYN.LE60.FE.IN,Libya,LBY,..,..,14.177561,..,..,..,..,15.196005,..,..,..,..,16.125654,..,..,..,..,16.831595,..,..,..,..,17.3935409999999,..,..,..,..,17.7995419999999,..,..,..,..,18.2765239999999,..,..,..,..,18.5429999999999,..,..,..,..,18.8194839999999,..,..,..,..,19.644732,..,..,..,..,19.4966499999999,..,..,..,..,19.950175,..,..,..,..,..
"Life expectancy at age 60, female (years)",SP.DYN.LE60.FE.IN,Liechtenstein,LIE,..,..,..,..,..,..,..,..,..,..,..,..,..,..,..,..,..,..,..,..,..,..,..,..,..,..,..,..,..,..,..,..,..,..,..,..,..,..,..,..,..,..,..,..,..,..,..,..,..,..,..,..,..,..,..,..,..,..,..,..,..,..,..
"Life expectancy at age 60, female (years)",SP.DYN.LE60.FE.IN,Lithuania,LTU,..,..,20.3763499999999,..,..,..,..,20.662208,..,..,..,..,20.8721469999999,..,..,..,..,20.951308,..,..,..,..,20.994087,..,..,..,..,20.85789,..,..,..,..,20.7377849999999,..,..,..,..,21.088405,..,..,..,..,21.839458,..,..,..,..,22.0244259999999,..,..,..,..,23.0184339999999,..,..,..,..,24.489466,..,..,..,..,..
"Life expectancy at age 60, female (years)",SP.DYN.LE60.FE.IN,Luxembourg,LUX,..,..,18.369571,..,..,..,..,18.5866709999999,..,..,..,..,19.031441,..,..,..,..,19.6445049999999,..,..,..,..,20.7322069999999,..,..,..,..,21.765746,..,..,..,..,22.6668489999999,..,..,..,..,23.320715,..,..,..,..,24.12144,..,..,..,..,24.59873,..,..,..,..,25.56539,..,..,..,..,26.097787,..,..,..,..,..
"Life expectancy at age 60, female (years)",SP.DYN.LE60.FE.IN,"Macao SAR, China",MAC,..,..,17.683471,..,..,..,..,18.41823,..,..,..,..,19.500461,..,..,..,..,20.5869299999999,..,..,..,..,21.4337209999999,..,..,..,..,22.3527829999999,..,..,..,..,23.443594,..,..,..,..,24.551998,..,..,..,..,25.5559219999999,..,..,..,..,26.475259,..,..,..,..,27.505896,..,..,..,..,28.1825399999999,..,..,..,..,..
"Life expectancy at age 60, female (years)",SP.DYN.LE60.FE.IN,Madagascar,MDG,..,..,13.559517,..,..,..,..,13.908121,..,..,..,..,14.293336,..,..,..,..,14.646558,..,..,..,..,15.584951,..,..,..,..,15.631644,..,..,..,..,16.168536,..,..,..,..,16.101403,..,..,..,..,16.6953129999999,..,..,..,..,17.183018,..,..,..,..,17.48434,..,..,..,..,17.792731,..,..,..,..,..
"Life expectancy at age 60, female (years)",SP.DYN.LE60.FE.IN,Malawi,MWI,..,..,14.629139,..,..,..,..,14.706772,..,..,..,..,14.879949,..,..,..,..,15.069845,..,..,..,..,15.268217,..,..,..,..,15.422824,..,..,..,..,15.555745,..,..,..,..,15.631599,..,..,..,..,15.555196,..,..,..,..,15.511772,..,..,..,..,16.7055229999999,..,..,..,..,17.8886259999999,..,..,..,..,..
"Life expectancy at age 60, female (years)",SP.DYN.LE60.FE.IN,Malaysia,MYS,..,..,16.128007,..,..,..,..,16.4845149999999,..,..,..,..,16.8194,..,..,..,..,17.189283,..,..,..,..,17.426402,..,..,..,..,17.5438049999999,..,..,..,..,18.0958609999999,..,..,..,..,18.443342,..,..,..,..,19.0952689999999,..,..,..,..,19.860741,..,..,..,..,20.635876,..,..,..,..,21.420836,..,..,..,..,..
"Life expectancy at age 60, female (years)",SP.DYN.LE60.FE.IN,Maldives,MDV,..,..,12.6076599999999,..,..,..,..,13.110205,..,..,..,..,13.6061669999999,..,..,..,..,14.411808,..,..,..,..,14.304484,..,..,..,..,14.299497,..,..,..,..,15.566484,..,..,..,..,17.208506,..,..,..,..,18.738209,..,..,..,..,19.8907239999999,..,..,..,..,21.220979,..,..,..,..,22.552693,..,..,..,..,..
"Life expectancy at age 60, female (years)",SP.DYN.LE60.FE.IN,Mali,MLI,..,..,10.5594269999999,..,..,..,..,11.180201,..,..,..,..,11.9971409999999,..,..,..,..,12.869707,..,..,..,..,13.76209,..,..,..,..,14.235754,..,..,..,..,14.494408,..,..,..,..,14.255041,..,..,..,..,14.624292,..,..,..,..,15.124622,..,..,..,..,15.308388,..,..,..,..,15.595345,..,..,..,..,..
"Life expectancy at age 60, female (years)",SP.DYN.LE60.FE.IN,Malta,MLT,..,..,17.460846,..,..,..,..,17.6759039999999,..,..,..,..,18.2729369999999,..,..,..,..,18.7684129999999,..,..,..,..,19.268595,..,..,..,..,21.15192,..,..,..,..,22.30383,..,..,..,..,23.2032729999999,..,..,..,..,23.768463,..,..,..,..,24.412716,..,..,..,..,25.2668779999999,..,..,..,..,25.873034,..,..,..,..,..
"Life expectancy at age 60, female (years)",SP.DYN.LE60.FE.IN,Marshall Islands,MHL,..,..,..,..,..,..,..,..,..,..,..,..,..,..,..,..,..,..,..,..,..,..,..,..,..,..,..,..,..,..,..,..,..,..,..,..,..,..,..,..,..,..,..,..,..,..,..,..,..,..,..,..,..,..,..,..,..,..,..,..,..,..,..
"Life expectancy at age 60, female (years)",SP.DYN.LE60.FE.IN,Mauritania,MRT,..,..,14.7682319999999,..,..,..,..,15.2937189999999,..,..,..,..,15.691437,..,..,..,..,16.1105969999999,..,..,..,..,16.47662,..,..,..,..,16.720756,..,..,..,..,16.9026789999999,..,..,..,..,17.0447589999999,..,..,..,..,17.170824,..,..,..,..,17.265556,..,..,..,..,17.395987,..,..,..,..,17.5311549999999,..,..,..,..,..
"Life expectancy at age 60, female (years)",SP.DYN.LE60.FE.IN,Mauritius,MUS,..,..,16.8468969999999,..,..,..,..,17.7434,..,..,..,..,18.2628379999999,..,..,..,..,18.4034049999999,..,..,..,..,18.480371,..,..,..,..,18.40325,..,..,..,..,19.663409,..,..,..,..,19.330029,..,..,..,..,20.248593,..,..,..,..,20.727484,..,..,..,..,22.110091,..,..,..,..,22.5384239999999,..,..,..,..,..
"Life expectancy at age 60, female (years)",SP.DYN.LE60.FE.IN,Mexico,MEX,..,..,18.191884,..,..,..,..,18.5336129999999,..,..,..,..,19.06069,..,..,..,..,19.7687099999999,..,..,..,..,20.4091099999999,..,..,..,..,20.984549,..,..,..,..,21.4872489999999,..,..,..,..,21.938749,..,..,..,..,22.810343,..,..,..,..,22.8112579999999,..,..,..,..,22.620439,..,..,..,..,22.394227,..,..,..,..,..
"Life expectancy at age 60, female (years)",SP.DYN.LE60.FE.IN,"Micronesia, Fed. Sts.",FSM,..,..,13.162381,..,..,..,..,13.4423049999999,..,..,..,..,13.7171869999999,..,..,..,..,13.985848,..,..,..,..,14.251744,..,..,..,..,14.51692,..,..,..,..,14.7791149999999,..,..,..,..,14.961275,..,..,..,..,15.3694349999999,..,..,..,..,15.634665,..,..,..,..,15.8828429999999,..,..,..,..,16.1307499999999,..,..,..,..,..
"Life expectancy at age 60, female (years)",SP.DYN.LE60.FE.IN,Moldova,MDA,..,..,16.066889,..,..,..,..,16.734741,..,..,..,..,17.079671,..,..,..,..,17.079671,..,..,..,..,16.55377,..,..,..,..,17.7311349999999,..,..,..,..,17.701522,..,..,..,..,17.3624949999999,..,..,..,..,17.5367849999999,..,..,..,..,17.599461,..,..,..,..,19.457937,..,..,..,..,19.909514,..,..,..,..,..
"Life expectancy at age 60, female (years)",SP.DYN.LE60.FE.IN,Monaco,MCO,..,..,..,..,..,..,..,..,..,..,..,..,..,..,..,..,..,..,..,..,..,..,..,..,..,..,..,..,..,..,..,..,..,..,..,..,..,..,..,..,..,..,..,..,..,..,..,..,..,..,..,..,..,..,..,..,..,..,..,..,..,..,..
"Life expectancy at age 60, female (years)",SP.DYN.LE60.FE.IN,Mongolia,MNG,..,..,14.557247,..,..,..,..,15.134249,..,..,..,..,15.772689,..,..,..,..,15.826662,..,..,..,..,15.88203,..,..,..,..,16.3708789999999,..,..,..,..,15.532498,..,..,..,..,15.131327,..,..,..,..,16.4628219999999,..,..,..,..,17.5851709999999,..,..,..,..,18.7975169999999,..,..,..,..,19.200402,..,..,..,..,..
"Life expectancy at age 60, female (years)",SP.DYN.LE60.FE.IN,Montenegro,MNE,..,..,17.9239849999999,..,..,..,..,18.766275,..,..,..,..,20.4991549999999,..,..,..,..,21.615659,..,..,..,..,21.6440519999999,..,..,..,..,21.906845,..,..,..,..,22.3292539999999,..,..,..,..,20.145363,..,..,..,..,20.145363,..,..,..,..,20.261863,..,..,..,..,21.3156539999999,..,..,..,..,21.5721619999999,..,..,..,..,..
"Life expectancy at age 60, female (years)",SP.DYN.LE60.FE.IN,Morocco,MAR,..,..,15.115798,..,..,..,..,15.46476,..,..,..,..,15.759332,..,..,..,..,16.1012549999999,..,..,..,..,16.794291,..,..,..,..,17.378314,..,..,..,..,17.894769,..,..,..,..,18.138172,..,..,..,..,18.7079489999999,..,..,..,..,20.4235469999999,..,..,..,..,20.9784979999999,..,..,..,..,21.621008,..,..,..,..,..
"Life expectancy at age 60, female (years)",SP.DYN.LE60.FE.IN,Mozambique,MOZ,..,..,14.5500209999999,..,..,..,..,14.6318,..,..,..,..,14.7843769999999,..,..,..,..,14.976698,..,..,..,..,14.970102,..,..,..,..,15.0850139999999,..,..,..,..,15.3314559999999,..,..,..,..,15.497211,..,..,..,..,15.675769,..,..,..,..,15.8059809999999,..,..,..,..,16.1549149999999,..,..,..,..,17.20325,..,..,..,..,..
"Life expectancy at age 60, female (years)",SP.DYN.LE60.FE.IN,Myanmar,MMR,..,..,14.25389,..,..,..,..,14.6319409999999,..,..,..,..,15.0803189999999,..,..,..,..,15.42384,..,..,..,..,15.759783,..,..,..,..,16.1105969999999,..,..,..,..,16.3296959999999,..,..,..,..,16.551898,..,..,..,..,16.78049,..,..,..,..,17.170824,..,..,..,..,17.581813,..,..,..,..,17.9994,..,..,..,..,..
"Life expectancy at age 60, female (years)",SP.DYN.LE60.FE.IN,Namibia,NAM,..,..,15.021018,..,..,..,..,15.276516,..,..,..,..,15.6052,..,..,..,..,16.151349,..,..,..,..,16.415794,..,..,..,..,16.87152,..,..,..,..,16.995265,..,..,..,..,15.937015,..,..,..,..,15.933005,..,..,..,..,16.8920509999999,..,..,..,..,17.608709,..,..,..,..,17.528392,..,..,..,..,..
"Life expectancy at age 60, female (years)",SP.DYN.LE60.FE.IN,Nauru,NRU,..,..,..,..,..,..,..,..,..,..,..,..,..,..,..,..,..,..,..,..,..,..,..,..,..,..,..,..,..,..,..,..,..,..,..,..,..,..,..,..,..,..,..,..,..,..,..,..,..,..,..,..,..,..,..,..,..,..,..,..,..,..,..
"Life expectancy at age 60, female (years)",SP.DYN.LE60.FE.IN,Nepal,NPL,..,..,12.553235,..,..,..,..,13.082166,..,..,..,..,13.606546,..,..,..,..,14.110962,..,..,..,..,14.69814,..,..,..,..,15.26722,..,..,..,..,15.8963439999999,..,..,..,..,16.5304189999999,..,..,..,..,17.103898,..,..,..,..,17.5764999999999,..,..,..,..,18.007088,..,..,..,..,18.4851589999999,..,..,..,..,..
"Life expectancy at age 60, female (years)",SP.DYN.LE60.FE.IN,Netherlands,NLD,..,..,20.02121,..,..,..,..,20.444219,..,..,..,..,20.956289,..,..,..,..,21.964759,..,..,..,..,22.7089299999999,..,..,..,..,23.0226949999999,..,..,..,..,23.1396109999999,..,..,..,..,23.3291749999999,..,..,..,..,23.709983,..,..,..,..,24.650756,..,..,..,..,25.382541,..,..,..,..,25.6453339999999,..,..,..,..,..
"Life expectancy at age 60, female (years)",SP.DYN.LE60.FE.IN,New Caledonia,NCL,..,..,16.291542,..,..,..,..,16.824586,..,..,..,..,17.3039869999999,..,..,..,..,17.762301,..,..,..,..,18.283687,..,..,..,..,18.914615,..,..,..,..,19.679216,..,..,..,..,20.472828,..,..,..,..,21.229403,..,..,..,..,21.9560579999999,..,..,..,..,22.652866,..,..,..,..,23.2575369999999,..,..,..,..,..
"Life expectancy at age 60, female (years)",SP.DYN.LE60.FE.IN,New Zealand,NZL,..,..,19.530753,..,..,..,..,19.764876,..,..,..,..,20.1062499999999,..,..,..,..,20.763372,..,..,..,..,21.333696,..,..,..,..,21.644106,..,..,..,..,22.752794,..,..,..,..,23.442481,..,..,..,..,24.188099,..,..,..,..,24.9954059999999,..,..,..,..,25.583065,..,..,..,..,26.089898,..,..,..,..,..
"Life expectancy at age 60, female (years)",SP.DYN.LE60.FE.IN,Nicaragua,NIC,..,..,15.148622,..,..,..,..,15.8574009999999,..,..,..,..,16.5879769999999,..,..,..,..,17.377678,..,..,..,..,17.947714,..,..,..,..,18.545175,..,..,..,..,19.129795,..,..,..,..,19.907577,..,..,..,..,20.881993,..,..,..,..,21.5506169999999,..,..,..,..,22.252286,..,..,..,..,22.988945,..,..,..,..,..
"Life expectancy at age 60, female (years)",SP.DYN.LE60.FE.IN,Niger,NER,..,..,11.688017,..,..,..,..,11.839573,..,..,..,..,12.195859,..,..,..,..,12.804664,..,..,..,..,13.678159,..,..,..,..,14.6333129999999,..,..,..,..,15.1117329999999,..,..,..,..,15.1455749999999,..,..,..,..,15.221403,..,..,..,..,15.497043,..,..,..,..,16.5045129999999,..,..,..,..,16.794677,..,..,..,..,..
"Life expectancy at age 60, female (years)",SP.DYN.LE60.FE.IN,Nigeria,NGA,..,..,12.294014,..,..,..,..,12.646649,..,..,..,..,13.041506,..,..,..,..,13.476561,..,..,..,..,13.803663,..,..,..,..,13.789622,..,..,..,..,13.777321,..,..,..,..,13.459213,..,..,..,..,13.16714,..,..,..,..,13.561268,..,..,..,..,13.909672,..,..,..,..,14.3123539999999,..,..,..,..,..
"Life expectancy at age 60, female (years)",SP.DYN.LE60.FE.IN,North Macedonia,MKD,..,..,16.395029,..,..,..,..,17.515435,..,..,..,..,18.2230479999999,..,..,..,..,18.630794,..,..,..,..,18.318576,..,..,..,..,18.846796,..,..,..,..,18.878332,..,..,..,..,19.036289,..,..,..,..,19.747364,..,..,..,..,19.500727,..,..,..,..,20.145623,..,..,..,..,20.595721,..,..,..,..,..
"Life expectancy at age 60, female (years)",SP.DYN.LE60.FE.IN,Northern Mariana Islands,MNP,..,..,..,..,..,..,..,..,..,..,..,..,..,..,..,..,..,..,..,..,..,..,..,..,..,..,..,..,..,..,..,..,..,..,..,..,..,..,..,..,..,..,..,..,..,..,..,..,..,..,..,..,..,..,..,..,..,..,..,..,..,..,..
"Life expectancy at age 60, female (years)",SP.DYN.LE60.FE.IN,Norway,NOR,..,..,20.08171,..,..,..,..,20.6175439999999,..,..,..,..,21.139365,..,..,..,..,21.8338059999999,..,..,..,..,22.532836,..,..,..,..,22.767737,..,..,..,..,23.105729,..,..,..,..,23.703212,..,..,..,..,24.308796,..,..,..,..,25.030051,..,..,..,..,25.58284,..,..,..,..,26.028679,..,..,..,..,..
"Life expectancy at age 60, female (years)",SP.DYN.LE60.FE.IN,Oman,OMN,..,..,13.9951019999999,..,..,..,..,14.529353,..,..,..,..,15.0641599999999,..,..,..,..,15.770298,..,..,..,..,16.5320959999999,..,..,..,..,17.3367879999999,..,..,..,..,18.18916,..,..,..,..,19.0945159999999,..,..,..,..,20.0582619999999,..,..,..,..,21.087361,..,..,..,..,22.029416,..,..,..,..,22.8916019999999,..,..,..,..,..
"Life expectancy at age 60, female (years)",SP.DYN.LE60.FE.IN,Pakistan,PAK,..,..,16.605176,..,..,..,..,16.7828909999999,..,..,..,..,17.029605,..,..,..,..,17.2877739999999,..,..,..,..,17.512333,..,..,..,..,17.676928,..,..,..,..,17.7045299999999,..,..,..,..,17.712119,..,..,..,..,17.743217,..,..,..,..,17.709157,..,..,..,..,17.9710819999999,..,..,..,..,17.95064,..,..,..,..,..
"Life expectancy at age 60, female (years)",SP.DYN.LE60.FE.IN,Palau,PLW,..,..,..,..,..,..,..,..,..,..,..,..,..,..,..,..,..,..,..,..,..,..,..,..,..,..,..,..,..,..,..,..,..,..,..,..,..,..,..,..,..,..,..,..,..,..,..,..,..,..,..,..,..,..,..,..,..,..,..,..,..,..,..
"Life expectancy at age 60, female (years)",SP.DYN.LE60.FE.IN,Panama,PAN,..,..,17.7952739999999,..,..,..,..,18.3559009999999,..,..,..,..,19.252666,..,..,..,..,20.4744899999999,..,..,..,..,21.370301,..,..,..,..,21.942067,..,..,..,..,22.4196279999999,..,..,..,..,22.798893,..,..,..,..,23.5462589999999,..,..,..,..,24.537666,..,..,..,..,25.340823,..,..,..,..,26.143554,..,..,..,..,..
"Life expectancy at age 60, female (years)",SP.DYN.LE60.FE.IN,Papua New Guinea,PNG,..,..,8.51451499999999,..,..,..,..,9.26315469999999,..,..,..,..,9.95325129999999,..,..,..,..,10.596506,..,..,..,..,11.217117,..,..,..,..,11.789569,..,..,..,..,12.8172999999999,..,..,..,..,13.484735,..,..,..,..,13.5234419999999,..,..,..,..,14.009788,..,..,..,..,14.506064,..,..,..,..,14.995877,..,..,..,..,..
"Life expectancy at age 60, female (years)",SP.DYN.LE60.FE.IN,Paraguay,PRY,..,..,17.8891759999999,..,..,..,..,17.886067,..,..,..,..,18.170338,..,..,..,..,18.568496,..,..,..,..,18.947937,..,..,..,..,19.0268,..,..,..,..,19.5940489999999,..,..,..,..,20.1609149999999,..,..,..,..,21.036973,..,..,..,..,21.513866,..,..,..,..,21.902144,..,..,..,..,22.4989169999999,..,..,..,..,..
"Life expectancy at age 60, female (years)",SP.DYN.LE60.FE.IN,Peru,PER,..,..,15.218453,..,..,..,..,15.676695,..,..,..,..,16.489193,..,..,..,..,17.097221,..,..,..,..,17.823725,..,..,..,..,18.9002459999999,..,..,..,..,19.73743,..,..,..,..,20.3891309999999,..,..,..,..,21.083607,..,..,..,..,21.868853,..,..,..,..,22.7714409999999,..,..,..,..,23.834522,..,..,..,..,..
"Life expectancy at age 60, female (years)",SP.DYN.LE60.FE.IN,Philippines,PHL,..,..,16.093253,..,..,..,..,16.32602,..,..,..,..,16.574303,..,..,..,..,16.826484,..,..,..,..,17.0207179999999,..,..,..,..,17.32503,..,..,..,..,18.129258,..,..,..,..,18.825592,..,..,..,..,19.236846,..,..,..,..,20.2670099999999,..,..,..,..,21.581391,..,..,..,..,22.115382,..,..,..,..,..
"Life expectancy at age 60, female (years)",SP.DYN.LE60.FE.IN,Poland,POL,..,..,18.74869,..,..,..,..,19.120688,..,..,..,..,19.423604,..,..,..,..,19.708005,..,..,..,..,19.864743,..,..,..,..,19.8076009999999,..,..,..,..,20.125976,..,..,..,..,20.8515109999999,..,..,..,..,22.096999,..,..,..,..,22.904492,..,..,..,..,23.840297,..,..,..,..,24.7877249999999,..,..,..,..,..
"Life expectancy at age 60, female (years)",SP.DYN.LE60.FE.IN,Portugal,PRT,..,..,18.7246099999999,..,..,..,..,18.595462,..,..,..,..,18.9564169999999,..,..,..,..,19.779377,..,..,..,..,20.843789,..,..,..,..,21.676817,..,..,..,..,22.1784229999999,..,..,..,..,22.88502,..,..,..,..,23.7727639999999,..,..,..,..,24.869786,..,..,..,..,25.711932,..,..,..,..,26.51362,..,..,..,..,..
"Life expectancy at age 60, female (years)",SP.DYN.LE60.FE.IN,Puerto Rico,PRI,..,..,20.3566889999999,..,..,..,..,20.702431,..,..,..,..,21.634141,..,..,..,..,22.170755,..,..,..,..,22.3989529999999,..,..,..,..,23.191476,..,..,..,..,22.602024,..,..,..,..,23.507394,..,..,..,..,24.3183949999999,..,..,..,..,25.0119079999999,..,..,..,..,25.74397,..,..,..,..,26.1853289999999,..,..,..,..,..
"Life expectancy at age 60, female (years)",SP.DYN.LE60.FE.IN,Qatar,QAT,..,..,17.8160239999999,..,..,..,..,18.293177,..,..,..,..,19.045863,..,..,..,..,19.663354,..,..,..,..,20.234365,..,..,..,..,20.7473829999999,..,..,..,..,21.258374,..,..,..,..,21.7399349999999,..,..,..,..,22.222262,..,..,..,..,22.728843,..,..,..,..,23.2047899999999,..,..,..,..,23.596325,..,..,..,..,..
"Life expectancy at age 60, female (years)",SP.DYN.LE60.FE.IN,Romania,ROU,..,..,18.135819,..,..,..,..,17.7390149999999,..,..,..,..,18.299163,..,..,..,..,18.4320449999999,..,..,..,..,18.5997069999999,..,..,..,..,18.725795,..,..,..,..,19.029655,..,..,..,..,19.139548,..,..,..,..,19.9788749999999,..,..,..,..,20.7774819999999,..,..,..,..,21.877972,..,..,..,..,22.3567709999999,..,..,..,..,..
"Life expectancy at age 60, female (years)",SP.DYN.LE60.FE.IN,Russian Federation,RUS,..,..,19.018135,..,..,..,..,19.137414,..,..,..,..,19.090668,..,..,..,..,19.472279,..,..,..,..,19.408539,..,..,..,..,19.478396,..,..,..,..,19.092839,..,..,..,..,18.8173339999999,..,..,..,..,18.6955829999999,..,..,..,..,19.7008979999999,..,..,..,..,21.057421,..,..,..,..,22.070734,..,..,..,..,..
"Life expectancy at age 60, female (years)",SP.DYN.LE60.FE.IN,Rwanda,RWA,..,..,14.685337,..,..,..,..,14.772019,..,..,..,..,14.8113759999999,..,..,..,..,14.906181,..,..,..,..,15.2952549999999,..,..,..,..,15.206687,..,..,..,..,14.296465,..,..,..,..,14.850356,..,..,..,..,15.047914,..,..,..,..,16.5933339999999,..,..,..,..,18.135583,..,..,..,..,19.037588,..,..,..,..,..
"Life expectancy at age 60, female (years)",SP.DYN.LE60.FE.IN,Samoa,WSM,..,..,16.05226,..,..,..,..,16.429677,..,..,..,..,16.7940429999999,..,..,..,..,17.150748,..,..,..,..,17.4930689999999,..,..,..,..,17.8351299999999,..,..,..,..,17.7432669999999,..,..,..,..,17.048577,..,..,..,..,17.898902,..,..,..,..,18.337533,..,..,..,..,18.6273589999999,..,..,..,..,18.915758,..,..,..,..,..
"Life expectancy at age 60, female (years)",SP.DYN.LE60.FE.IN,San Marino,SMR,..,..,..,..,..,..,..,..,..,..,..,..,..,..,..,..,..,..,..,..,..,..,..,..,..,..,..,..,..,..,..,..,..,..,..,..,..,..,..,..,..,..,..,..,..,..,..,..,..,..,..,..,..,..,..,..,..,..,..,..,..,..,..
"Life expectancy at age 60, female (years)",SP.DYN.LE60.FE.IN,Sao Tome and Principe,STP,..,..,15.1690729999999,..,..,..,..,15.429454,..,..,..,..,15.7246279999999,..,..,..,..,16.1088099999999,..,..,..,..,16.296135,..,..,..,..,16.081699,..,..,..,..,16.011727,..,..,..,..,16.271775,..,..,..,..,16.868836,..,..,..,..,17.598582,..,..,..,..,18.3086179999999,..,..,..,..,18.8475579999999,..,..,..,..,..
"Life expectancy at age 60, female (years)",SP.DYN.LE60.FE.IN,Saudi Arabia,SAU,..,..,15.4354689999999,..,..,..,..,15.7963869999999,..,..,..,..,16.440899,..,..,..,..,17.1522949999999,..,..,..,..,17.72409,..,..,..,..,18.197942,..,..,..,..,18.798027,..,..,..,..,19.244039,..,..,..,..,19.375717,..,..,..,..,19.286812,..,..,..,..,19.6734669999999,..,..,..,..,19.815439,..,..,..,..,..
"Life expectancy at age 60, female (years)",SP.DYN.LE60.FE.IN,Senegal,SEN,..,..,12.402264,..,..,..,..,12.45504,..,..,..,..,13.052355,..,..,..,..,14.205417,..,..,..,..,15.138207,..,..,..,..,16.1208589999999,..,..,..,..,16.4033289999999,..,..,..,..,16.261837,..,..,..,..,16.317366,..,..,..,..,16.673203,..,..,..,..,17.4246589999999,..,..,..,..,17.7236189999999,..,..,..,..,..
"Life expectancy at age 60, female (years)",SP.DYN.LE60.FE.IN,Serbia,SRB,..,..,17.4083259999999,..,..,..,..,18.221878,..,..,..,..,18.535715,..,..,..,..,18.8011559999999,..,..,..,..,18.945131,..,..,..,..,19.268114,..,..,..,..,19.2640889999999,..,..,..,..,19.308582,..,..,..,..,18.8460019999999,..,..,..,..,19.4920089999999,..,..,..,..,20.467286,..,..,..,..,21.204196,..,..,..,..,..
"Life expectancy at age 60, female (years)",SP.DYN.LE60.FE.IN,Seychelles,SYC,..,..,20.791891,..,..,..,..,20.8085169999999,..,..,..,..,20.640874,..,..,..,..,20.149172,..,..,..,..,20.1862269999999,..,..,..,..,20.646546,..,..,..,..,20.936368,..,..,..,..,21.017118,..,..,..,..,20.934341,..,..,..,..,21.207774,..,..,..,..,21.6493259999999,..,..,..,..,21.7523009999999,..,..,..,..,..
"Life expectancy at age 60, female (years)",SP.DYN.LE60.FE.IN,Sierra Leone,SLE,..,..,13.633435,..,..,..,..,13.771922,..,..,..,..,13.930019,..,..,..,..,14.0595479999999,..,..,..,..,14.1159009999999,..,..,..,..,13.992696,..,..,..,..,13.7781249999999,..,..,..,..,13.775008,..,..,..,..,14.146777,..,..,..,..,14.592311,..,..,..,..,15.065059,..,..,..,..,15.40081,..,..,..,..,..
"Life expectancy at age 60, female (years)",SP.DYN.LE60.FE.IN,Singapore,SGP,..,..,17.3325929999999,..,..,..,..,17.258838,..,..,..,..,18.377208,..,..,..,..,18.96415,..,..,..,..,19.75721,..,..,..,..,20.6806629999999,..,..,..,..,22.210673,..,..,..,..,22.206629,..,..,..,..,23.8873819999999,..,..,..,..,25.660194,..,..,..,..,26.264652,..,..,..,..,27.044326,..,..,..,..,..
"Life expectancy at age 60, female (years)",SP.DYN.LE60.FE.IN,Sint Maarten (Dutch part),SXM,..,..,..,..,..,..,..,..,..,..,..,..,..,..,..,..,..,..,..,..,..,..,..,..,..,..,..,..,..,..,..,..,..,..,..,..,..,..,..,..,..,..,..,..,..,..,..,..,..,..,..,..,..,..,..,..,..,..,..,..,..,..,..
"Life expectancy at age 60, female (years)",SP.DYN.LE60.FE.IN,Slovak Republic,SVK,..,..,18.5038249999999,..,..,..,..,18.6455139999999,..,..,..,..,18.8055349999999,..,..,..,..,19.149132,..,..,..,..,19.1950539999999,..,..,..,..,19.4080529999999,..,..,..,..,19.84953,..,..,..,..,20.344579,..,..,..,..,20.9989349999999,..,..,..,..,21.636275,..,..,..,..,22.549375,..,..,..,..,23.290239,..,..,..,..,..
"Life expectancy at age 60, female (years)",SP.DYN.LE60.FE.IN,Slovenia,SVN,..,..,18.110605,..,..,..,..,18.355954,..,..,..,..,18.7403389999999,..,..,..,..,19.3325649999999,..,..,..,..,19.5432899999999,..,..,..,..,20.461881,..,..,..,..,21.086841,..,..,..,..,22.0985739999999,..,..,..,..,23.206533,..,..,..,..,24.277888,..,..,..,..,25.129711,..,..,..,..,25.669602,..,..,..,..,..
"Life expectancy at age 60, female (years)",SP.DYN.LE60.FE.IN,Solomon Islands,SLB,..,..,15.0218609999999,..,..,..,..,15.519735,..,..,..,..,16.0009349999999,..,..,..,..,16.468413,..,..,..,..,17.4842669999999,..,..,..,..,18.2548369999999,..,..,..,..,18.6348729999999,..,..,..,..,19.082428,..,..,..,..,19.4413149999999,..,..,..,..,19.773161,..,..,..,..,20.110489,..,..,..,..,20.481704,..,..,..,..,..
"Life expectancy at age 60, female (years)",SP.DYN.LE60.FE.IN,Somalia,SOM,..,..,13.4784869999999,..,..,..,..,13.891859,..,..,..,..,14.351979,..,..,..,..,14.723741,..,..,..,..,15.0527219999999,..,..,..,..,15.234909,..,..,..,..,14.986656,..,..,..,..,15.896768,..,..,..,..,16.181549,..,..,..,..,16.474536,..,..,..,..,16.646391,..,..,..,..,16.881844,..,..,..,..,..
"Life expectancy at age 60, female (years)",SP.DYN.LE60.FE.IN,South Africa,ZAF,..,..,15.3221139999999,..,..,..,..,15.5011759999999,..,..,..,..,15.72314,..,..,..,..,15.946676,..,..,..,..,16.206513,..,..,..,..,16.9210239999999,..,..,..,..,17.6126359999999,..,..,..,..,16.699728,..,..,..,..,16.1591759999999,..,..,..,..,16.7390529999999,..,..,..,..,17.9812049999999,..,..,..,..,18.342386,..,..,..,..,..
"Life expectancy at age 60, female (years)",SP.DYN.LE60.FE.IN,South Sudan,SSD,..,..,12.3554999999999,..,..,..,..,12.807905,..,..,..,..,13.194462,..,..,..,..,13.618312,..,..,..,..,13.7589229999999,..,..,..,..,14.239788,..,..,..,..,14.981843,..,..,..,..,15.5585439999999,..,..,..,..,15.960568,..,..,..,..,16.41634,..,..,..,..,16.885483,..,..,..,..,17.168588,..,..,..,..,..
"Life expectancy at age 60, female (years)",SP.DYN.LE60.FE.IN,Spain,ESP,..,..,19.402892,..,..,..,..,19.899705,..,..,..,..,20.291841,..,..,..,..,21.313223,..,..,..,..,22.455445,..,..,..,..,23.218516,..,..,..,..,24.057407,..,..,..,..,24.75204,..,..,..,..,25.478503,..,..,..,..,26.341383,..,..,..,..,27.145802,..,..,..,..,27.696666,..,..,..,..,..
"Life expectancy at age 60, female (years)",SP.DYN.LE60.FE.IN,Sri Lanka,LKA,..,..,16.983329,..,..,..,..,17.188573,..,..,..,..,18.122252,..,..,..,..,18.361225,..,..,..,..,19.4110349999999,..,..,..,..,19.582812,..,..,..,..,19.4729059999999,..,..,..,..,18.277341,..,..,..,..,21.806141,..,..,..,..,22.174721,..,..,..,..,22.537102,..,..,..,..,22.893162,..,..,..,..,..
"Life expectancy at age 60, female (years)",SP.DYN.LE60.FE.IN,St. Kitts and Nevis,KNA,..,..,..,..,..,..,..,..,..,..,..,..,..,..,..,..,..,..,..,..,..,..,..,..,..,..,..,..,..,..,..,..,..,..,..,..,..,..,..,..,..,..,..,..,..,..,..,..,..,..,..,..,..,..,..,..,..,..,..,..,..,..,..
"Life expectancy at age 60, female (years)",SP.DYN.LE60.FE.IN,St. Lucia,LCA,..,..,15.169903,..,..,..,..,15.834979,..,..,..,..,16.675077,..,..,..,..,17.700589,..,..,..,..,18.366609,..,..,..,..,19.22007,..,..,..,..,19.7368659999999,..,..,..,..,19.9291589999999,..,..,..,..,20.094586,..,..,..,..,20.658235,..,..,..,..,21.341396,..,..,..,..,21.994548,..,..,..,..,..
"Life expectancy at age 60, female (years)",SP.DYN.LE60.FE.IN,St. Martin (French part),MAF,..,..,..,..,..,..,..,..,..,..,..,..,..,..,..,..,..,..,..,..,..,..,..,..,..,..,..,..,..,..,..,..,..,..,..,..,..,..,..,..,..,..,..,..,..,..,..,..,..,..,..,..,..,..,..,..,..,..,..,..,..,..,..
"Life expectancy at age 60, female (years)",SP.DYN.LE60.FE.IN,St. Vincent and the Grenadines,VCT,..,..,16.557537,..,..,..,..,16.843647,..,..,..,..,17.124838,..,..,..,..,17.381117,..,..,..,..,17.792673,..,..,..,..,18.681559,..,..,..,..,19.134601,..,..,..,..,19.388767,..,..,..,..,19.7430109999999,..,..,..,..,19.977293,..,..,..,..,20.286223,..,..,..,..,20.5813069999999,..,..,..,..,..
"Life expectancy at age 60, female (years)",SP.DYN.LE60.FE.IN,Sudan,SDN,..,..,15.6517149999999,..,..,..,..,15.96418,..,..,..,..,16.3178589999999,..,..,..,..,16.4829539999999,..,..,..,..,16.570878,..,..,..,..,16.707735,..,..,..,..,16.905365,..,..,..,..,17.1879589999999,..,..,..,..,17.5217239999999,..,..,..,..,17.8585059999999,..,..,..,..,18.313412,..,..,..,..,18.470247,..,..,..,..,..
"Life expectancy at age 60, female (years)",SP.DYN.LE60.FE.IN,Suriname,SUR,..,..,16.574133,..,..,..,..,17.050379,..,..,..,..,17.662624,..,..,..,..,17.988282,..,..,..,..,18.747197,..,..,..,..,19.1614499999999,..,..,..,..,19.1598669999999,..,..,..,..,19.135169,..,..,..,..,19.139301,..,..,..,..,19.758887,..,..,..,..,20.1335869999999,..,..,..,..,20.384108,..,..,..,..,..
"Life expectancy at age 60, female (years)",SP.DYN.LE60.FE.IN,Sweden,SWE,..,..,19.740644,..,..,..,..,20.396474,..,..,..,..,21.27504,..,..,..,..,21.845766,..,..,..,..,22.5288369999999,..,..,..,..,23.050352,..,..,..,..,23.551106,..,..,..,..,24.1208519999999,..,..,..,..,24.517261,..,..,..,..,25.088269,..,..,..,..,25.603822,..,..,..,..,26.0893249999999,..,..,..,..,..
"Life expectancy at age 60, female (years)",SP.DYN.LE60.FE.IN,Switzerland,CHE,..,..,19.298546,..,..,..,..,19.813489,..,..,..,..,20.762872,..,..,..,..,21.9550629999999,..,..,..,..,22.6358929999999,..,..,..,..,23.60405,..,..,..,..,24.1682169999999,..,..,..,..,24.763276,..,..,..,..,25.433201,..,..,..,..,26.203049,..,..,..,..,26.6043689999999,..,..,..,..,27.119893,..,..,..,..,..
"Life expectancy at age 60, female (years)",SP.DYN.LE60.FE.IN,Syrian Arab Republic,SYR,..,..,15.599996,..,..,..,..,16.0737619999999,..,..,..,..,16.67095,..,..,..,..,17.2107689999999,..,..,..,..,17.726355,..,..,..,..,18.280135,..,..,..,..,18.7425089999999,..,..,..,..,19.61013,..,..,..,..,20.455983,..,..,..,..,21.309048,..,..,..,..,20.925014,..,..,..,..,21.556221,..,..,..,..,..
"Life expectancy at age 60, female (years)",SP.DYN.LE60.FE.IN,Tajikistan,TJK,..,..,15.2178109999999,..,..,..,..,15.3872129999999,..,..,..,..,15.622356,..,..,..,..,15.85397,..,..,..,..,15.957165,..,..,..,..,16.326896,..,..,..,..,16.196971,..,..,..,..,16.355325,..,..,..,..,17.1293229999999,..,..,..,..,18.076922,..,..,..,..,17.5968979999999,..,..,..,..,18.0791439999999,..,..,..,..,..
"Life expectancy at age 60, female (years)",SP.DYN.LE60.FE.IN,Tanzania,TZA,..,..,14.7829289999999,..,..,..,..,14.9136729999999,..,..,..,..,15.066382,..,..,..,..,15.277671,..,..,..,..,15.3711819999999,..,..,..,..,15.4965189999999,..,..,..,..,15.4437929999999,..,..,..,..,15.312638,..,..,..,..,15.514775,..,..,..,..,15.597962,..,..,..,..,16.530985,..,..,..,..,17.542197,..,..,..,..,..
"Life expectancy at age 60, female (years)",SP.DYN.LE60.FE.IN,Thailand,THA,..,..,18.1279919999999,..,..,..,..,17.991755,..,..,..,..,18.2388489999999,..,..,..,..,18.8215849999999,..,..,..,..,19.502227,..,..,..,..,20.703961,..,..,..,..,20.5608879999999,..,..,..,..,21.323098,..,..,..,..,21.674709,..,..,..,..,22.0540659999999,..,..,..,..,23.4037289999999,..,..,..,..,24.390616,..,..,..,..,..
"Life expectancy at age 60, female (years)",SP.DYN.LE60.FE.IN,Timor-Leste,TLS,..,..,12.368791,..,..,..,..,12.835356,..,..,..,..,13.300879,..,..,..,..,11.788713,..,..,..,..,13.293863,..,..,..,..,14.5554849999999,..,..,..,..,15.161372,..,..,..,..,16.003829,..,..,..,..,16.776299,..,..,..,..,17.4388469999999,..,..,..,..,17.712831,..,..,..,..,18.195791,..,..,..,..,..
"Life expectancy at age 60, female (years)",SP.DYN.LE60.FE.IN,Togo,TGO,..,..,13.106412,..,..,..,..,13.828393,..,..,..,..,14.462918,..,..,..,..,15.057344,..,..,..,..,15.634244,..,..,..,..,15.91057,..,..,..,..,15.516168,..,..,..,..,14.6002019999999,..,..,..,..,14.512596,..,..,..,..,14.59877,..,..,..,..,15.420482,..,..,..,..,15.662933,..,..,..,..,..
"Life expectancy at age 60, female (years)",SP.DYN.LE60.FE.IN,Tonga,TON,..,..,16.108984,..,..,..,..,16.2596029999999,..,..,..,..,16.4057719999999,..,..,..,..,16.584001,..,..,..,..,16.7176429999999,..,..,..,..,16.448556,..,..,..,..,16.3550819999999,..,..,..,..,16.4986619999999,..,..,..,..,16.9961069999999,..,..,..,..,17.631309,..,..,..,..,17.8248369999999,..,..,..,..,17.974919,..,..,..,..,..
"Life expectancy at age 60, female (years)",SP.DYN.LE60.FE.IN,Trinidad and Tobago,TTO,..,..,16.167852,..,..,..,..,16.674229,..,..,..,..,17.057226,..,..,..,..,17.4155489999999,..,..,..,..,17.599387,..,..,..,..,17.739715,..,..,..,..,18.097961,..,..,..,..,18.829599,..,..,..,..,19.8065539999999,..,..,..,..,20.761234,..,..,..,..,21.2968879999999,..,..,..,..,21.744181,..,..,..,..,..
"Life expectancy at age 60, female (years)",SP.DYN.LE60.FE.IN,Tunisia,TUN,..,..,13.675375,..,..,..,..,14.095108,..,..,..,..,15.029729,..,..,..,..,15.695865,..,..,..,..,17.4316679999999,..,..,..,..,18.050746,..,..,..,..,19.592732,..,..,..,..,20.551582,..,..,..,..,21.034217,..,..,..,..,21.2141249999999,..,..,..,..,21.250916,..,..,..,..,21.839724,..,..,..,..,..
"Life expectancy at age 60, female (years)",SP.DYN.LE60.FE.IN,Turkiye,TUR,..,..,15.913808,..,..,..,..,16.8029839999999,..,..,..,..,17.537417,..,..,..,..,18.252884,..,..,..,..,18.946558,..,..,..,..,19.585297,..,..,..,..,20.2038979999999,..,..,..,..,20.7956569999999,..,..,..,..,21.3585689999999,..,..,..,..,22.0747299999999,..,..,..,..,23.090017,..,..,..,..,24.0074429999999,..,..,..,..,..
"Life expectancy at age 60, female (years)",SP.DYN.LE60.FE.IN,Turkmenistan,TKM,..,..,17.2713189999999,..,..,..,..,17.819832,..,..,..,..,18.1453929999999,..,..,..,..,18.232232,..,..,..,..,18.557148,..,..,..,..,18.5743979999999,..,..,..,..,18.409986,..,..,..,..,18.5342589999999,..,..,..,..,18.598088,..,..,..,..,18.7028709999999,..,..,..,..,18.7709779999999,..,..,..,..,18.988744,..,..,..,..,..
"Life expectancy at age 60, female (years)",SP.DYN.LE60.FE.IN,Turks and Caicos Islands,TCA,..,..,..,..,..,..,..,..,..,..,..,..,..,..,..,..,..,..,..,..,..,..,..,..,..,..,..,..,..,..,..,..,..,..,..,..,..,..,..,..,..,..,..,..,..,..,..,..,..,..,..,..,..,..,..,..,..,..,..,..,..,..,..
"Life expectancy at age 60, female (years)",SP.DYN.LE60.FE.IN,Tuvalu,TUV,..,..,..,..,..,..,..,..,..,..,..,..,..,..,..,..,..,..,..,..,..,..,..,..,..,..,..,..,..,..,..,..,..,..,..,..,..,..,..,..,..,..,..,..,..,..,..,..,..,..,..,..,..,..,..,..,..,..,..,..,..,..,..
"Life expectancy at age 60, female (years)",SP.DYN.LE60.FE.IN,Uganda,UGA,..,..,14.8768309999999,..,..,..,..,15.108067,..,..,..,..,15.204107,..,..,..,..,15.247728,..,..,..,..,15.438829,..,..,..,..,15.522387,..,..,..,..,15.253519,..,..,..,..,15.056066,..,..,..,..,15.200004,..,..,..,..,15.660515,..,..,..,..,16.6385749999999,..,..,..,..,17.4405539999999,..,..,..,..,..
"Life expectancy at age 60, female (years)",SP.DYN.LE60.FE.IN,Ukraine,UKR,..,..,18.493095,..,..,..,..,19.359577,..,..,..,..,19.929258,..,..,..,..,19.680105,..,..,..,..,19.179943,..,..,..,..,19.580359,..,..,..,..,19.063378,..,..,..,..,18.74529,..,..,..,..,19.028184,..,..,..,..,19.481303,..,..,..,..,20.295781,..,..,..,..,20.7295869999999,..,..,..,..,..
"Life expectancy at age 60, female (years)",SP.DYN.LE60.FE.IN,United Arab Emirates,ARE,..,..,15.664755,..,..,..,..,16.1034849999999,..,..,..,..,16.549935,..,..,..,..,17.0020549999999,..,..,..,..,17.457823,..,..,..,..,17.9148789999999,..,..,..,..,18.370235,..,..,..,..,18.8230949999999,..,..,..,..,19.44426,..,..,..,..,19.89889,..,..,..,..,20.448626,..,..,..,..,20.974371,..,..,..,..,..
"Life expectancy at age 60, female (years)",SP.DYN.LE60.FE.IN,United Kingdom,GBR,..,..,19.148775,..,..,..,..,19.6784709999999,..,..,..,..,20.0082279999999,..,..,..,..,20.3729219999999,..,..,..,..,20.916146,..,..,..,..,21.3756969999999,..,..,..,..,21.960754,..,..,..,..,22.5216829999999,..,..,..,..,23.3652209999999,..,..,..,..,24.3346039999999,..,..,..,..,25.1030559999999,..,..,..,..,25.223258,..,..,..,..,..
"Life expectancy at age 60, female (years)",SP.DYN.LE60.FE.IN,United States,USA,..,..,19.884027,..,..,..,..,20.319388,..,..,..,..,20.9939159999999,..,..,..,..,22.0539859999999,..,..,..,..,22.41587,..,..,..,..,22.603304,..,..,..,..,23.01038,..,..,..,..,23.047414,..,..,..,..,23.360077,..,..,..,..,24.205023,..,..,..,..,24.778075,..,..,..,..,25.0224499999999,..,..,..,..,..
"Life expectancy at age 60, female (years)",SP.DYN.LE60.FE.IN,Uruguay,URY,..,..,19.6998789999999,..,..,..,..,19.819689,..,..,..,..,19.9375399999999,..,..,..,..,20.295109,..,..,..,..,20.8417689999999,..,..,..,..,21.234407,..,..,..,..,21.9999779999999,..,..,..,..,22.6091529999999,..,..,..,..,23.283814,..,..,..,..,24.0236109999999,..,..,..,..,24.5479209999999,..,..,..,..,25.066742,..,..,..,..,..
"Life expectancy at age 60, female (years)",SP.DYN.LE60.FE.IN,Uzbekistan,UZB,..,..,18.553916,..,..,..,..,19.0861869999999,..,..,..,..,19.320166,..,..,..,..,19.506256,..,..,..,..,19.945602,..,..,..,..,20.0504029999999,..,..,..,..,19.3201819999999,..,..,..,..,19.5120709999999,..,..,..,..,19.518464,..,..,..,..,19.5188109999999,..,..,..,..,18.3961019999999,..,..,..,..,18.740912,..,..,..,..,..
"Life expectancy at age 60, female (years)",SP.DYN.LE60.FE.IN,Vanuatu,VUT,..,..,13.589929,..,..,..,..,13.896265,..,..,..,..,14.194602,..,..,..,..,14.483876,..,..,..,..,14.7635559999999,..,..,..,..,15.040939,..,..,..,..,15.316215,..,..,..,..,15.679663,..,..,..,..,16.059891,..,..,..,..,16.32752,..,..,..,..,16.575481,..,..,..,..,16.812411,..,..,..,..,..
"Life expectancy at age 60, female (years)",SP.DYN.LE60.FE.IN,"Venezuela, RB",VEN,..,..,17.418616,..,..,..,..,18.260137,..,..,..,..,19.0157859999999,..,..,..,..,19.3427569999999,..,..,..,..,19.523557,..,..,..,..,19.7656449999999,..,..,..,..,20.151553,..,..,..,..,20.637373,..,..,..,..,21.338073,..,..,..,..,21.545976,..,..,..,..,21.52503,..,..,..,..,21.5031439999999,..,..,..,..,..
"Life expectancy at age 60, female (years)",SP.DYN.LE60.FE.IN,Vietnam,VNM,..,..,18.965688,..,..,..,..,20.040823,..,..,..,..,16.8620459999999,..,..,..,..,20.681563,..,..,..,..,21.5275479999999,..,..,..,..,22.235092,..,..,..,..,22.915081,..,..,..,..,23.183014,..,..,..,..,23.4138519999999,..,..,..,..,23.625446,..,..,..,..,23.7951699999999,..,..,..,..,23.945419,..,..,..,..,..
"Life expectancy at age 60, female (years)",SP.DYN.LE60.FE.IN,Virgin Islands (U.S.),VIR,..,..,17.683083,..,..,..,..,17.9695199999999,..,..,..,..,18.380324,..,..,..,..,18.817153,..,..,..,..,19.371445,..,..,..,..,20.105262,..,..,..,..,20.982305,..,..,..,..,21.920404,..,..,..,..,22.811647,..,..,..,..,23.3896039999999,..,..,..,..,24.7576089999999,..,..,..,..,25.2837169999999,..,..,..,..,..
"Life expectancy at age 60, female (years)",SP.DYN.LE60.FE.IN,West Bank and Gaza,PSE,..,..,15.275434,..,..,..,..,15.723341,..,..,..,..,16.2027329999999,..,..,..,..,16.606424,..,..,..,..,17.187836,..,..,..,..,17.672322,..,..,..,..,18.1024889999999,..,..,..,..,18.545545,..,..,..,..,19.007393,..,..,..,..,19.485149,..,..,..,..,19.8245989999999,..,..,..,..,20.175895,..,..,..,..,..
"Life expectancy at age 60, female (years)",SP.DYN.LE60.FE.IN,"Yemen, Rep.",YEM,..,..,13.5591969999999,..,..,..,..,13.7880319999999,..,..,..,..,14.138802,..,..,..,..,14.575131,..,..,..,..,15.161982,..,..,..,..,15.660446,..,..,..,..,15.937881,..,..,..,..,16.1451649999999,..,..,..,..,16.57871,..,..,..,..,17.137298,..,..,..,..,17.453751,..,..,..,..,17.4589199999999,..,..,..,..,..
"Life expectancy at age 60, female (years)",SP.DYN.LE60.FE.IN,Zambia,ZMB,..,..,14.945777,..,..,..,..,15.092463,..,..,..,..,15.31844,..,..,..,..,15.4632369999999,..,..,..,..,15.5926089999999,..,..,..,..,15.781855,..,..,..,..,15.427593,..,..,..,..,15.661065,..,..,..,..,15.636091,..,..,..,..,15.764868,..,..,..,..,16.9177919999999,..,..,..,..,18.189406,..,..,..,..,..
"Life expectancy at age 60, female (years)",SP.DYN.LE60.FE.IN,Zimbabwe,ZWE,..,..,15.585845,..,..,..,..,15.800487,..,..,..,..,16.020806,..,..,..,..,16.315321,..,..,..,..,16.851859,..,..,..,..,17.076218,..,..,..,..,16.75233,..,..,..,..,16.9376299999999,..,..,..,..,16.625689,..,..,..,..,16.1697759999999,..,..,..,..,16.430924,..,..,..,..,17.2560299999999,..,..,..,..,..
,,,,,,,,,,,,,,,,,,,,,,,,,,,,,,,,,,,,,,,,,,,,,,,,,,,,,,,,,,,,,,,,,,
,,,,,,,,,,,,,,,,,,,,,,,,,,,,,,,,,,,,,,,,,,,,,,,,,,,,,,,,,,,,,,,,,,
,,,,,,,,,,,,,,,,,,,,,,,,,,,,,,,,,,,,,,,,,,,,,,,,,,,,,,,,,,,,,,,,,,
Data from database: Gender Statistics,,,,,,,,,,,,,,,,,,,,,,,,,,,,,,,,,,,,,,,,,,,,,,,,,,,,,,,,,,,,,,,,,,
Last Updated: 07/24/2023,,,,,,,,,,,,,,,,,,,,,,,,,,,,,,,,,,,,,,,,,,,,,,,,,,,,,,,,,,,,,,,,,,
